name,user,html_url,id,node_id,description,stars,forks,prs,language,api_url,created_at,updated_at,pushed_at,license
JavaGuide,Snailclimb,https://github.com/Snailclimb/JavaGuide,132464395,MDEwOlJlcG9zaXRvcnkxMzI0NjQzOTU=,ã€ŒJavaå­¦ä¹ +é¢è¯•æŒ‡å—ã€ä¸€ä»½æ¶µç›–å¤§éƒ¨åˆ† Java ç¨‹åºå‘˜æ‰€éœ€è¦æŒæ¡çš„æ ¸å¿ƒçŸ¥è¯†ã€‚å‡†å¤‡ Java é¢è¯•ï¼Œé¦–é€‰ JavaGuideï¼,131759,43558,1028,Java,https://api.github.com/repos/Snailclimb/JavaGuide,2018-05-07T13:27:00Z,2023-03-11T15:03:53Z,2023-03-10T03:52:11Z,NO LICENSE
java-design-patterns,iluwatar,https://github.com/iluwatar/java-design-patterns,22790488,MDEwOlJlcG9zaXRvcnkyMjc5MDQ4OA==,Design patterns implemented in Java,80201,24702,1616,Java,https://api.github.com/repos/iluwatar/java-design-patterns,2014-08-09T16:45:18Z,2023-03-11T14:54:06Z,2023-03-08T09:36:59Z,Other
LeetCodeAnimation,MisterBooo,https://github.com/MisterBooo/LeetCodeAnimation,160640094,MDEwOlJlcG9zaXRvcnkxNjA2NDAwOTQ=,Demonstrate all the questions on LeetCode in the form of animation.ï¼ˆç”¨åŠ¨ç”»çš„å½¢å¼å‘ˆç°è§£LeetCodeé¢˜ç›®çš„æ€è·¯ï¼‰,72472,13826,74,Java,https://api.github.com/repos/MisterBooo/LeetCodeAnimation,2018-12-06T08:01:22Z,2023-03-11T14:04:36Z,2022-03-06T09:10:42Z,NO LICENSE
advanced-java,doocs,https://github.com/doocs/advanced-java,151834062,MDEwOlJlcG9zaXRvcnkxNTE4MzQwNjI=,ğŸ˜® Core Interview Questions & Answers For Experienced Java(Backend) Developers | äº’è”ç½‘ Java å·¥ç¨‹å¸ˆè¿›é˜¶çŸ¥è¯†å®Œå…¨æ‰«ç›²ï¼šæ¶µç›–é«˜å¹¶å‘ã€åˆ†å¸ƒå¼ã€é«˜å¯ç”¨ã€å¾®æœåŠ¡ã€æµ·é‡æ•°æ®å¤„ç†ç­‰é¢†åŸŸçŸ¥è¯†,69010,18134,114,Java,https://api.github.com/repos/doocs/advanced-java,2018-10-06T11:38:30Z,2023-03-11T12:10:42Z,2023-03-06T12:09:22Z,Creative Commons Attribution Share Alike 4.0 International
spring-boot,spring-projects,https://github.com/spring-projects/spring-boot,6296790,MDEwOlJlcG9zaXRvcnk2Mjk2Nzkw,Spring Boot,66035,38130,5598,Java,https://api.github.com/repos/spring-projects/spring-boot,2012-10-19T15:02:57Z,2023-03-11T13:46:18Z,2023-03-11T13:06:39Z,Apache License 2.0
mall,macrozheng,https://github.com/macrozheng/mall,127988011,MDEwOlJlcG9zaXRvcnkxMjc5ODgwMTE=,mallé¡¹ç›®æ˜¯ä¸€å¥—ç”µå•†ç³»ç»Ÿï¼ŒåŒ…æ‹¬å‰å°å•†åŸç³»ç»ŸåŠåå°ç®¡ç†ç³»ç»Ÿï¼ŒåŸºäºSpringBoot+MyBatiså®ç°ï¼Œé‡‡ç”¨Dockerå®¹å™¨åŒ–éƒ¨ç½²ã€‚ å‰å°å•†åŸç³»ç»ŸåŒ…å«é¦–é¡µé—¨æˆ·ã€å•†å“æ¨èã€å•†å“æœç´¢ã€å•†å“å±•ç¤ºã€è´­ç‰©è½¦ã€è®¢å•æµç¨‹ã€ä¼šå‘˜ä¸­å¿ƒã€å®¢æˆ·æœåŠ¡ã€å¸®åŠ©ä¸­å¿ƒç­‰æ¨¡å—ã€‚ åå°ç®¡ç†ç³»ç»ŸåŒ…å«å•†å“ç®¡ç†ã€è®¢å•ç®¡ç†ã€ä¼šå‘˜ç®¡ç†ã€ä¿ƒé”€ç®¡ç†ã€è¿è¥ç®¡ç†ã€å†…å®¹ç®¡ç†ã€ç»Ÿè®¡æŠ¥è¡¨ã€è´¢åŠ¡ç®¡ç†ã€æƒé™ç®¡ç†ã€è®¾ç½®ç­‰æ¨¡å—ã€‚,64043,26391,105,Java,https://api.github.com/repos/macrozheng/mall,2018-04-04T01:11:44Z,2023-03-11T13:36:38Z,2023-03-10T09:05:01Z,Apache License 2.0
elasticsearch,elastic,https://github.com/elastic/elasticsearch,507775,MDEwOlJlcG9zaXRvcnk1MDc3NzU=,"Free and Open, Distributed, RESTful Search Engine",62983,22835,62496,Java,https://api.github.com/repos/elastic/elasticsearch,2010-02-08T13:20:56Z,2023-03-11T14:53:37Z,2023-03-11T11:54:57Z,Other
GitHub-Chinese-Top-Charts,GrowingGit,https://github.com/GrowingGit/GitHub-Chinese-Top-Charts,206462776,MDEwOlJlcG9zaXRvcnkyMDY0NjI3NzY=,:cn: GitHubä¸­æ–‡æ’è¡Œæ¦œï¼Œå„è¯­è¨€åˆ†è®¾ã€Œè½¯ä»¶ | èµ„æ–™ã€æ¦œå•ï¼Œç²¾å‡†å®šä½ä¸­æ–‡å¥½é¡¹ç›®ã€‚å„å–æ‰€éœ€ï¼Œé«˜æ•ˆå­¦ä¹ ã€‚,60384,8750,17,Java,https://api.github.com/repos/GrowingGit/GitHub-Chinese-Top-Charts,2019-09-05T03:01:56Z,2023-03-11T14:56:43Z,2023-03-11T00:48:08Z,Other
interviews,kdn251,https://github.com/kdn251/interviews,81975372,MDEwOlJlcG9zaXRvcnk4MTk3NTM3Mg==,Everything you need to know to get the job.,59328,12502,162,Java,https://api.github.com/repos/kdn251/interviews,2017-02-14T18:19:25Z,2023-03-11T12:19:26Z,2023-02-18T16:00:23Z,MIT License
spring-framework,spring-projects,https://github.com/spring-projects/spring-framework,1148753,MDEwOlJlcG9zaXRvcnkxMTQ4NzUz,Spring Framework,51026,35681,4147,Java,https://api.github.com/repos/spring-projects/spring-framework,2010-12-08T04:04:45Z,2023-03-11T13:21:03Z,2023-03-11T14:29:24Z,Apache License 2.0
Java,TheAlgorithms,https://github.com/TheAlgorithms/Java,63477660,MDEwOlJlcG9zaXRvcnk2MzQ3NzY2MA==,All Algorithms implemented in Java,50638,16667,3039,Java,https://api.github.com/repos/TheAlgorithms/Java,2016-07-16T10:21:02Z,2023-03-11T14:43:52Z,2023-03-11T14:07:29Z,MIT License
guava,google,https://github.com/google/guava,20300177,MDEwOlJlcG9zaXRvcnkyMDMwMDE3Nw==,Google core libraries for Java,46952,10426,1562,Java,https://api.github.com/repos/google/guava,2014-05-29T16:23:17Z,2023-03-11T11:34:20Z,2023-03-11T02:37:55Z,Apache License 2.0
RxJava,ReactiveX,https://github.com/ReactiveX/RxJava,7508411,MDEwOlJlcG9zaXRvcnk3NTA4NDEx,RxJava â€“ Reactive Extensions for the JVM â€“ a library for composing asynchronous and event-based programs using observable sequences for the Java VM.,46860,7666,3766,Java,https://api.github.com/repos/ReactiveX/RxJava,2013-01-08T20:11:48Z,2023-03-11T14:01:29Z,2023-03-10T04:58:22Z,Apache License 2.0
retrofit,square,https://github.com/square/retrofit,892275,MDEwOlJlcG9zaXRvcnk4OTIyNzU=,A type-safe HTTP client for Android and the JVM,41253,7242,1160,Java,https://api.github.com/repos/square/retrofit,2010-09-06T21:39:43Z,2023-03-11T08:41:28Z,2023-03-10T19:54:44Z,Apache License 2.0
dubbo,apache,https://github.com/apache/dubbo,4710920,MDEwOlJlcG9zaXRvcnk0NzEwOTIw,"Apache Dubbo is a high-performance, java based, open source RPC framework.",38521,25696,5720,Java,https://api.github.com/repos/apache/dubbo,2012-06-19T07:56:02Z,2023-03-11T14:11:35Z,2023-03-11T15:04:28Z,Apache License 2.0
ghidra,NationalSecurityAgency,https://github.com/NationalSecurityAgency/ghidra,173228436,MDEwOlJlcG9zaXRvcnkxNzMyMjg0MzY=,Ghidra is a software reverse engineering (SRE) framework,37811,4738,1005,Java,https://api.github.com/repos/NationalSecurityAgency/ghidra,2019-03-01T03:27:48Z,2023-03-11T13:37:17Z,2023-03-10T15:11:57Z,Apache License 2.0
MPAndroidChart,PhilJay,https://github.com/PhilJay/MPAndroidChart,19148949,MDEwOlJlcG9zaXRvcnkxOTE0ODk0OQ==,"A powerful ğŸš€ Android chart view / graph view library, supporting line- bar- pie- radar- bubble- and candlestick charts as well as scaling, panning and animations.",36212,8904,491,Java,https://api.github.com/repos/PhilJay/MPAndroidChart,2014-04-25T14:29:47Z,2023-03-11T02:21:32Z,2023-02-24T19:21:19Z,Other
jeecg-boot,jeecgboot,https://github.com/jeecgboot/jeecg-boot,159152904,MDEwOlJlcG9zaXRvcnkxNTkxNTI5MDQ=,â­ï¸ã€Œä¼ä¸šçº§ä½ä»£ç å¹³å°ã€å‰åç«¯åˆ†ç¦»æ¶æ„SpringBoot 2.xï¼ŒSpringCloudï¼ŒAnt Design&Vueï¼ŒMybatisï¼ŒShiroï¼ŒJWTã€‚å¼ºå¤§çš„ä»£ç ç”Ÿæˆå™¨è®©å‰åç«¯ä»£ç ä¸€é”®ç”Ÿæˆï¼Œæ— éœ€å†™ä»»ä½•ä»£ç ! å¼•é¢†æ–°çš„å¼€å‘æ¨¡å¼OnlineCoding->ä»£ç ç”Ÿæˆ->æ‰‹å·¥MERGEï¼Œå¸®åŠ©Javaé¡¹ç›®è§£å†³70%é‡å¤å·¥ä½œï¼Œè®©å¼€å‘æ›´å…³æ³¨ä¸šåŠ¡ï¼Œæ—¢èƒ½å¿«é€Ÿæé«˜æ•ˆç‡ï¼Œå¸®åŠ©å…¬å¸èŠ‚çœæˆæœ¬ï¼ŒåŒæ—¶åˆä¸å¤±çµæ´»æ€§ã€‚,33809,13201,183,Java,https://api.github.com/repos/jeecgboot/jeecg-boot,2018-11-26T10:40:00Z,2023-03-11T13:06:05Z,2023-03-09T11:26:38Z,Apache License 2.0
lottie-android,airbnb,https://github.com/airbnb/lottie-android,70198875,MDEwOlJlcG9zaXRvcnk3MDE5ODg3NQ==,"Render After Effects animations natively on Android and iOS, Web, and React Native",33671,5340,679,Java,https://api.github.com/repos/airbnb/lottie-android,2016-10-06T22:42:42Z,2023-03-11T08:33:04Z,2023-03-01T09:39:42Z,Apache License 2.0
jadx,skylot,https://github.com/skylot/jadx,8859474,MDEwOlJlcG9zaXRvcnk4ODU5NDc0,Dex to Java decompiler,33648,4211,430,Java,https://api.github.com/repos/skylot/jadx,2013-03-18T17:08:21Z,2023-03-11T14:41:26Z,2023-03-10T15:46:32Z,Apache License 2.0
tutorials,eugenp,https://github.com/eugenp/tutorials,9754983,MDEwOlJlcG9zaXRvcnk5NzU0OTgz,"Just Announced - ""Learn Spring Security OAuth"": ",33580,52778,12960,Java,https://api.github.com/repos/eugenp/tutorials,2013-04-29T18:26:36Z,2023-03-11T14:52:55Z,2023-03-11T15:06:22Z,MIT License
glide,bumptech,https://github.com/bumptech/glide,11267509,MDEwOlJlcG9zaXRvcnkxMTI2NzUwOQ==,An image loading and caching library for Android focused on smooth scrolling,33419,6046,799,Java,https://api.github.com/repos/bumptech/glide,2013-07-08T22:52:33Z,2023-03-11T08:32:31Z,2023-03-11T07:46:33Z,Other
hello-algorithm,geekxh,https://github.com/geekxh/hello-algorithm,267775629,MDEwOlJlcG9zaXRvcnkyNjc3NzU2Mjk=,ğŸŒ é’ˆå¯¹å°ç™½çš„ç®—æ³•è®­ç»ƒ | åŒ…æ‹¬å››éƒ¨åˆ†ï¼šâ‘ .å¤§å‚é¢ç» â‘¡.åŠ›æ‰£å›¾è§£  â‘¢.åƒæœ¬å¼€æºç”µå­ä¹¦ â‘£.ç™¾å¼ æŠ€æœ¯æ€ç»´å¯¼å›¾ï¼ˆé¡¹ç›®èŠ±äº†ä¸Šç™¾å°æ—¶ï¼Œå¸Œæœ›å¯ä»¥ç‚¹ star æ”¯æŒï¼ŒğŸŒ¹æ„Ÿè°¢~ï¼‰ç‚¹å‡»ä¸‹æ–¹ç½‘ç«™ï¼Œé©¬ä¸Šå¼€å§‹åˆ·é¢˜ï¼,32108,6186,30,Java,https://api.github.com/repos/geekxh/hello-algorithm,2020-05-29T05:47:09Z,2023-03-11T13:13:23Z,2022-08-08T01:20:14Z,NO LICENSE
AndroidUtilCode,Blankj,https://github.com/Blankj/AndroidUtilCode,64558143,MDEwOlJlcG9zaXRvcnk2NDU1ODE0Mw==,:fire: Android developers should collect the following utils(updating).,31930,10553,210,Java,https://api.github.com/repos/Blankj/AndroidUtilCode,2016-07-30T18:18:32Z,2023-03-11T13:13:18Z,2023-01-16T07:09:58Z,Apache License 2.0
arthas,alibaba,https://github.com/alibaba/arthas,146633589,MDEwOlJlcG9zaXRvcnkxNDY2MzM1ODk=,Alibaba Java Diagnostic Tool Arthas/Alibaba Javaè¯Šæ–­åˆ©å™¨Arthas,31901,6902,700,Java,https://api.github.com/repos/alibaba/arthas,2018-08-29T17:15:57Z,2023-03-11T14:33:00Z,2023-03-09T03:11:27Z,Apache License 2.0
dbeaver,dbeaver,https://github.com/dbeaver/dbeaver,44662669,MDEwOlJlcG9zaXRvcnk0NDY2MjY2OQ==,Free universal database tool and SQL client,30956,2791,3840,Java,https://api.github.com/repos/dbeaver/dbeaver,2015-10-21T08:26:28Z,2023-03-11T15:06:11Z,2023-03-11T13:02:34Z,Apache License 2.0
netty,netty,https://github.com/netty/netty,1064563,MDEwOlJlcG9zaXRvcnkxMDY0NTYz,Netty project - an event-driven asynchronous network application framework,30823,15173,7056,Java,https://api.github.com/repos/netty/netty,2010-11-09T09:22:21Z,2023-03-11T14:00:51Z,2023-03-10T14:03:20Z,Apache License 2.0
zxing,zxing,https://github.com/zxing/zxing,2562751,MDEwOlJlcG9zaXRvcnkyNTYyNzUx,"ZXing (""Zebra Crossing"") barcode scanning library for Java, Android",30752,9275,346,Java,https://api.github.com/repos/zxing/zxing,2011-10-12T14:07:27Z,2023-03-11T02:28:08Z,2023-03-04T03:50:59Z,Apache License 2.0
spring-boot-demo,xkcoding,https://github.com/xkcoding/spring-boot-demo,110211147,MDEwOlJlcG9zaXRvcnkxMTAyMTExNDc=,ğŸš€ä¸€ä¸ªç”¨æ¥æ·±å…¥å­¦ä¹ å¹¶å®æˆ˜ Spring Boot çš„é¡¹ç›®ã€‚,28921,10012,76,Java,https://api.github.com/repos/xkcoding/spring-boot-demo,2017-11-10T06:27:29Z,2023-03-11T14:46:00Z,2022-12-22T02:27:52Z,MIT License
spring-boot-examples,ityouknow,https://github.com/ityouknow/spring-boot-examples,72907253,MDEwOlJlcG9zaXRvcnk3MjkwNzI1Mw==,about learning Spring Boot via examples. Spring Boot æ•™ç¨‹ã€æŠ€æœ¯æ ˆç¤ºä¾‹ä»£ç ï¼Œå¿«é€Ÿç®€å•ä¸Šæ‰‹æ•™ç¨‹ã€‚ ,28640,12218,47,Java,https://api.github.com/repos/ityouknow/spring-boot-examples,2016-11-05T05:32:33Z,2023-03-11T13:43:46Z,2022-12-29T02:11:04Z,NO LICENSE
apollo,apolloconfig,https://github.com/apolloconfig/apollo,53127403,MDEwOlJlcG9zaXRvcnk1MzEyNzQwMw==,Apollo is a reliable configuration management system suitable for microservice configuration management scenarios.,27826,10083,1585,Java,https://api.github.com/repos/apolloconfig/apollo,2016-03-04T10:24:23Z,2023-03-11T15:04:10Z,2023-03-11T08:37:30Z,Apache License 2.0
easyexcel,alibaba,https://github.com/alibaba/easyexcel,120395176,MDEwOlJlcG9zaXRvcnkxMjAzOTUxNzY=,å¿«é€Ÿã€ç®€æ´ã€è§£å†³å¤§æ–‡ä»¶å†…å­˜æº¢å‡ºçš„javaå¤„ç†Excelå·¥å…·,27017,6961,340,Java,https://api.github.com/repos/alibaba/easyexcel,2018-02-06T03:14:08Z,2023-03-11T13:43:49Z,2023-03-07T01:53:03Z,Apache License 2.0
JCSprout,crossoverJie,https://github.com/crossoverJie/JCSprout,114523184,MDEwOlJlcG9zaXRvcnkxMTQ1MjMxODQ=,"ğŸ‘¨â€ğŸ“ Java Core Sprout : basic, concurrent, algorithm ",26954,7156,114,Java,https://api.github.com/repos/crossoverJie/JCSprout,2017-12-17T09:06:50Z,2023-03-11T07:42:51Z,2022-10-24T12:27:21Z,MIT License
druid,alibaba,https://github.com/alibaba/druid,2700159,MDEwOlJlcG9zaXRvcnkyNzAwMTU5,é˜¿é‡Œäº‘è®¡ç®—å¹³å°DataWorks(https://help.aliyun.com/document_detail/137663.html) å›¢é˜Ÿå‡ºå“ï¼Œä¸ºç›‘æ§è€Œç”Ÿçš„æ•°æ®åº“è¿æ¥æ± ,26625,8338,1305,Java,https://api.github.com/repos/alibaba/druid,2011-11-03T05:12:51Z,2023-03-11T14:11:10Z,2023-03-08T15:16:41Z,Apache License 2.0
halo,halo-dev,https://github.com/halo-dev/halo,126178683,MDEwOlJlcG9zaXRvcnkxMjYxNzg2ODM=,å¼ºå¤§æ˜“ç”¨çš„å¼€æºå»ºç«™å·¥å…·ã€‚,26254,8373,1196,Java,https://api.github.com/repos/halo-dev/halo,2018-03-21T12:56:52Z,2023-03-11T14:25:46Z,2023-03-10T07:23:31Z,GNU General Public License v3.0
selenium,SeleniumHQ,https://github.com/SeleniumHQ/selenium,7613257,MDEwOlJlcG9zaXRvcnk3NjEzMjU3,A browser automation framework and ecosystem.,26003,7437,2810,Java,https://api.github.com/repos/SeleniumHQ/selenium,2013-01-14T21:40:56Z,2023-03-10T19:43:53Z,2023-03-11T15:07:41Z,Apache License 2.0
miaosha,qiurunze123,https://github.com/qiurunze123/miaosha,148736243,MDEwOlJlcG9zaXRvcnkxNDg3MzYyNDM=,â­â­â­â­ç§’æ€ç³»ç»Ÿè®¾è®¡ä¸å®ç°.äº’è”ç½‘å·¥ç¨‹å¸ˆè¿›é˜¶ä¸åˆ†æğŸ™‹ğŸ“,25762,6663,69,Java,https://api.github.com/repos/qiurunze123/miaosha,2018-09-14T04:36:24Z,2023-03-11T09:41:25Z,2022-10-19T04:50:10Z,NO LICENSE
nacos,alibaba,https://github.com/alibaba/nacos,137451403,MDEwOlJlcG9zaXRvcnkxMzc0NTE0MDM=,"an easy-to-use dynamic service discovery, configuration and service management platform for building cloud native applications.",25656,11405,3186,Java,https://api.github.com/repos/alibaba/nacos,2018-06-15T06:49:27Z,2023-03-11T15:03:49Z,2023-03-11T11:49:24Z,Apache License 2.0
vhr,lenve,https://github.com/lenve/vhr,116237823,MDEwOlJlcG9zaXRvcnkxMTYyMzc4MjM=,å¾®äººäº‹æ˜¯ä¸€ä¸ªå‰åç«¯åˆ†ç¦»çš„äººåŠ›èµ„æºç®¡ç†ç³»ç»Ÿï¼Œé¡¹ç›®é‡‡ç”¨SpringBoot+Vueå¼€å‘ã€‚,25656,10209,76,Java,https://api.github.com/repos/lenve/vhr,2018-01-04T08:57:51Z,2023-03-11T12:20:15Z,2023-01-23T04:04:32Z,NO LICENSE
butterknife,JakeWharton,https://github.com/JakeWharton/butterknife,8575137,MDEwOlJlcG9zaXRvcnk4NTc1MTM3,Bind Android views and callbacks to fields and methods.,25654,4686,490,Java,https://api.github.com/repos/JakeWharton/butterknife,2013-03-05T08:18:59Z,2023-03-11T15:08:11Z,2022-03-08T16:26:04Z,Apache License 2.0
hutool,dromara,https://github.com/dromara/hutool,18723836,MDEwOlJlcG9zaXRvcnkxODcyMzgzNg==,ğŸ¬A set of tools that keep Java sweet.,25619,6976,722,Java,https://api.github.com/repos/dromara/hutool,2014-04-13T07:23:51Z,2023-03-11T14:11:16Z,2023-03-11T11:42:15Z,Other
fastjson,alibaba,https://github.com/alibaba/fastjson,2700474,MDEwOlJlcG9zaXRvcnkyNzAwNDc0,"FASTJSON 2.0.x has been released, faster and more secure, recommend you upgrade.",25199,6520,848,Java,https://api.github.com/repos/alibaba/fastjson,2011-11-03T06:58:52Z,2023-03-11T14:11:32Z,2023-01-28T15:51:05Z,Apache License 2.0
canal,alibaba,https://github.com/alibaba/canal,7587038,MDEwOlJlcG9zaXRvcnk3NTg3MDM4,é˜¿é‡Œå·´å·´ MySQL binlog å¢é‡è®¢é˜…&æ¶ˆè´¹ç»„ä»¶ ,25190,7141,608,Java,https://api.github.com/repos/alibaba/canal,2013-01-13T10:59:52Z,2023-03-11T14:11:18Z,2023-03-09T07:23:58Z,Apache License 2.0
SpringAll,wuyouzhuguli,https://github.com/wuyouzhuguli/SpringAll,131789494,MDEwOlJlcG9zaXRvcnkxMzE3ODk0OTQ=,å¾ªåºæ¸è¿›ï¼Œå­¦ä¹ Spring Bootã€Spring Boot & Shiroã€Spring Batchã€Spring Cloudã€Spring Cloud Alibabaã€Spring Security & Spring Security OAuth2ï¼Œåšå®¢Springç³»åˆ—æºç ï¼šhttps://mrbird.cc,25161,7534,22,Java,https://api.github.com/repos/wuyouzhuguli/SpringAll,2018-05-02T02:48:44Z,2023-03-11T13:50:15Z,2022-10-31T09:56:20Z,MIT License
proxyee-down,proxyee-down-org,https://github.com/proxyee-down-org/proxyee-down,108252892,MDEwOlJlcG9zaXRvcnkxMDgyNTI4OTI=,httpä¸‹è½½å·¥å…·ï¼ŒåŸºäºhttpä»£ç†ï¼Œæ”¯æŒå¤šè¿æ¥åˆ†å—ä¸‹è½½,25107,4549,35,Java,https://api.github.com/repos/proxyee-down-org/proxyee-down,2017-10-25T10:07:27Z,2023-03-11T14:03:32Z,2022-10-26T09:46:16Z,Apache License 2.0
spring-cloud-alibaba,alibaba,https://github.com/alibaba/spring-cloud-alibaba,112785414,MDEwOlJlcG9zaXRvcnkxMTI3ODU0MTQ=,Spring Cloud Alibaba provides a one-stop solution for application development for the distributed solutions of Alibaba middleware.,24963,7655,1159,Java,https://api.github.com/repos/alibaba/spring-cloud-alibaba,2017-12-01T20:49:15Z,2023-03-11T14:11:34Z,2023-03-11T13:06:41Z,Apache License 2.0
toBeTopJavaer,hollischuang,https://github.com/hollischuang/toBeTopJavaer,154648112,MDEwOlJlcG9zaXRvcnkxNTQ2NDgxMTI=,To Be Top Javaer - Javaå·¥ç¨‹å¸ˆæˆç¥ä¹‹è·¯,24433,5402,74,Java,https://api.github.com/repos/hollischuang/toBeTopJavaer,2018-10-25T09:54:54Z,2023-03-10T17:04:11Z,2023-02-22T02:32:21Z,NO LICENSE
kafka,apache,https://github.com/apache/kafka,2211243,MDEwOlJlcG9zaXRvcnkyMjExMjQz,Mirror of Apache Kafka,24368,12378,13377,Java,https://api.github.com/repos/apache/kafka,2011-08-15T18:06:16Z,2023-03-11T14:47:11Z,2023-03-11T13:50:27Z,Apache License 2.0
EventBus,greenrobot,https://github.com/greenrobot/EventBus,5070389,MDEwOlJlcG9zaXRvcnk1MDcwMzg5,"Event bus for Android and Java that simplifies communication between Activities, Fragments, Threads, Services, etc. Less code, better quality.",24275,4678,127,Java,https://api.github.com/repos/greenrobot/EventBus,2012-07-16T16:55:40Z,2023-03-10T07:18:52Z,2022-12-08T23:57:47Z,Apache License 2.0
SmartRefreshLayout,scwang90,https://github.com/scwang90/SmartRefreshLayout,93152223,MDEwOlJlcG9zaXRvcnk5MzE1MjIyMw==,ğŸ”¥ä¸‹æ‹‰åˆ·æ–°ã€ä¸Šæ‹‰åŠ è½½ã€äºŒçº§åˆ·æ–°ã€æ·˜å®äºŒæ¥¼ã€RefreshLayoutã€OverScrollï¼ŒAndroidæ™ºèƒ½ä¸‹æ‹‰åˆ·æ–°æ¡†æ¶ï¼Œæ”¯æŒè¶Šç•Œå›å¼¹ã€è¶Šç•Œæ‹–åŠ¨ï¼Œå…·æœ‰æå¼ºçš„æ‰©å±•æ€§ï¼Œé›†æˆäº†å‡ åç§ç‚«é…·çš„Headerå’Œ Footerã€‚,24097,4911,27,Java,https://api.github.com/repos/scwang90/SmartRefreshLayout,2017-06-02T09:52:50Z,2023-03-11T08:47:34Z,2023-01-12T14:29:16Z,Apache License 2.0
xxl-job,xuxueli,https://github.com/xuxueli/xxl-job,47023603,MDEwOlJlcG9zaXRvcnk0NzAyMzYwMw==,A distributed task scheduling framework.ï¼ˆåˆ†å¸ƒå¼ä»»åŠ¡è°ƒåº¦å¹³å°XXL-JOBï¼‰,23752,9887,419,Java,https://api.github.com/repos/xuxueli/xxl-job,2015-11-28T12:59:34Z,2023-03-11T14:45:30Z,2023-03-09T08:50:17Z,GNU General Public License v3.0
BaseRecyclerViewAdapterHelper,CymChad,https://github.com/CymChad/BaseRecyclerViewAdapterHelper,55886798,MDEwOlJlcG9zaXRvcnk1NTg4Njc5OA==,BRVAH:Powerful and flexible RecyclerAdapter,23436,5016,280,Java,https://api.github.com/repos/CymChad/BaseRecyclerViewAdapterHelper,2016-04-10T07:40:11Z,2023-03-11T13:29:21Z,2023-02-21T10:37:27Z,MIT License
seata,seata,https://github.com/seata/seata,163387337,MDEwOlJlcG9zaXRvcnkxNjMzODczMzc=,":fire: Seata is an easy-to-use, high-performance, open source distributed transaction solution.",23423,8354,2291,Java,https://api.github.com/repos/seata/seata,2018-12-28T08:37:22Z,2023-03-11T14:49:53Z,2023-03-11T15:00:31Z,Apache License 2.0
Signal-Android,signalapp,https://github.com/signalapp/Signal-Android,2990192,MDEwOlJlcG9zaXRvcnkyOTkwMTky,A private messenger for Android.,23393,5706,2663,Java,https://api.github.com/repos/signalapp/Signal-Android,2011-12-15T20:01:12Z,2023-03-11T10:14:46Z,2023-03-10T19:21:57Z,GNU General Public License v3.0
Hystrix,Netflix,https://github.com/Netflix/Hystrix,6766558,MDEwOlJlcG9zaXRvcnk2NzY2NTU4,"Hystrix is a latency and fault tolerance library designed to isolate points of access to remote systems, services and 3rd party libraries, stop cascading failure and enable resilience in complex distributed systems where failure is inevitable.",23244,4681,805,Java,https://api.github.com/repos/Netflix/Hystrix,2012-11-19T20:14:46Z,2023-03-10T22:01:48Z,2022-11-12T05:34:13Z,NO LICENSE
NewPipe,TeamNewPipe,https://github.com/TeamNewPipe/NewPipe,41889031,MDEwOlJlcG9zaXRvcnk0MTg4OTAzMQ==,A libre lightweight streaming front-end for Android.,23003,2604,1934,Java,https://api.github.com/repos/TeamNewPipe/NewPipe,2015-09-03T23:39:26Z,2023-03-11T13:50:10Z,2023-03-08T17:27:40Z,GNU General Public License v3.0
gson,google,https://github.com/google/gson,32538871,MDEwOlJlcG9zaXRvcnkzMjUzODg3MQ==,A Java serialization/deserialization library to convert Java Objects into JSON and back,21906,4209,761,Java,https://api.github.com/repos/google/gson,2015-03-19T18:21:20Z,2023-03-11T11:47:58Z,2023-03-08T14:45:11Z,Apache License 2.0
Telegram,DrKLO,https://github.com/DrKLO/Telegram,13862381,MDEwOlJlcG9zaXRvcnkxMzg2MjM4MQ==,Telegram for Android source,21670,7301,588,Java,https://api.github.com/repos/DrKLO/Telegram,2013-10-25T14:08:10Z,2023-03-11T12:37:04Z,2023-03-11T11:11:48Z,GNU General Public License v2.0
leetcode,doocs,https://github.com/doocs/leetcode,149001365,MDEwOlJlcG9zaXRvcnkxNDkwMDEzNjU=,ğŸ˜ LeetCode solutions in any programming language | å¤šç§ç¼–ç¨‹è¯­è¨€å®ç° LeetCodeã€ã€Šå‰‘æŒ‡ Offerï¼ˆç¬¬ 2 ç‰ˆï¼‰ã€‹ã€ã€Šç¨‹åºå‘˜é¢è¯•é‡‘å…¸ï¼ˆç¬¬ 6 ç‰ˆï¼‰ã€‹é¢˜è§£,21422,3839,875,Java,https://api.github.com/repos/doocs/leetcode,2018-09-16T14:03:03Z,2023-03-11T11:46:15Z,2023-03-11T14:32:05Z,Creative Commons Attribution Share Alike 4.0 International
skywalking,apache,https://github.com/apache/skywalking,45721011,MDEwOlJlcG9zaXRvcnk0NTcyMTAxMQ==,"APM, Application Performance Monitoring System",21395,6106,4618,Java,https://api.github.com/repos/apache/skywalking,2015-11-07T03:30:36Z,2023-03-11T14:43:46Z,2023-03-11T02:59:39Z,Apache License 2.0
libgdx,libgdx,https://github.com/libgdx/libgdx,5373551,MDEwOlJlcG9zaXRvcnk1MzczNTUx,Desktop/Android/HTML5/iOS Java game development framework,21210,6396,3477,Java,https://api.github.com/repos/libgdx/libgdx,2012-08-10T19:34:38Z,2023-03-11T12:28:10Z,2023-03-11T13:07:19Z,Apache License 2.0
flink,apache,https://github.com/apache/flink,20587599,MDEwOlJlcG9zaXRvcnkyMDU4NzU5OQ==,Apache Flink,20820,11753,22147,Java,https://api.github.com/repos/apache/flink,2014-06-07T07:00:10Z,2023-03-11T15:06:18Z,2023-03-11T15:02:59Z,Apache License 2.0
redisson,redisson,https://github.com/redisson/redisson,15823460,MDEwOlJlcG9zaXRvcnkxNTgyMzQ2MA==,"Redisson - Redis Java client with features of In-Memory Data Grid. Over 50 Redis based Java objects and services: Set, Multimap, SortedSet, Map, List, Queue, Deque, Semaphore, Lock, AtomicLong, Map Reduce, Publish / Subscribe, Bloom filter, Spring Cache, Tomcat, Scheduler, JCache API, Hibernate, MyBatis, RPC, local cache ...",20746,4988,544,Java,https://api.github.com/repos/redisson/redisson,2014-01-11T14:06:25Z,2023-03-11T12:13:07Z,2023-03-08T19:59:58Z,Apache License 2.0
Sentinel,alibaba,https://github.com/alibaba/Sentinel,128018428,MDEwOlJlcG9zaXRvcnkxMjgwMTg0Mjg=,"A powerful flow control component enabling reliability, resilience and monitoring for microservices. (é¢å‘äº‘åŸç”Ÿå¾®æœåŠ¡çš„é«˜å¯ç”¨æµæ§é˜²æŠ¤ç»„ä»¶)",20643,7497,958,Java,https://api.github.com/repos/alibaba/Sentinel,2018-04-04T06:37:33Z,2023-03-11T14:10:48Z,2023-03-08T17:28:28Z,Apache License 2.0
ExoPlayer,google,https://github.com/google/ExoPlayer,20818126,MDEwOlJlcG9zaXRvcnkyMDgxODEyNg==,An extensible media player for Android,20487,5912,1167,Java,https://api.github.com/repos/google/ExoPlayer,2014-06-13T21:19:18Z,2023-03-11T14:06:36Z,2023-03-10T00:06:17Z,Apache License 2.0
bazel,bazelbuild,https://github.com/bazelbuild/bazel,20773773,MDEwOlJlcG9zaXRvcnkyMDc3Mzc3Mw==,"a fast, scalable, multi-language and extensible build system",20409,3698,6194,Java,https://api.github.com/repos/bazelbuild/bazel,2014-06-12T16:00:38Z,2023-03-11T11:41:49Z,2023-03-11T14:55:57Z,Apache License 2.0
jenkins,jenkinsci,https://github.com/jenkinsci/jenkins,1103607,MDEwOlJlcG9zaXRvcnkxMTAzNjA3,Jenkins automation server,20396,7947,7669,Java,https://api.github.com/repos/jenkinsci/jenkins,2010-11-22T21:21:23Z,2023-03-11T13:55:18Z,2023-03-11T13:57:39Z,MIT License
termux-app,termux,https://github.com/termux/termux-app,44804216,MDEwOlJlcG9zaXRvcnk0NDgwNDIxNg==,Termux - a terminal emulator application for Android OS extendible by variety of packages.,19923,2408,298,Java,https://api.github.com/repos/termux/termux-app,2015-10-23T09:42:46Z,2023-03-11T14:57:02Z,2023-03-09T23:02:14Z,Other
RxAndroid,ReactiveX,https://github.com/ReactiveX/RxAndroid,23095954,MDEwOlJlcG9zaXRvcnkyMzA5NTk1NA==,RxJava bindings for Android,19767,3009,238,Java,https://api.github.com/repos/ReactiveX/RxAndroid,2014-08-19T03:46:38Z,2023-03-11T03:44:38Z,2023-02-20T12:33:53Z,Apache License 2.0
eladmin,elunez,https://github.com/elunez/eladmin,161757837,MDEwOlJlcG9zaXRvcnkxNjE3NTc4Mzc=,é¡¹ç›®åŸºäº Spring Boot 2.1.0 ã€ Jpaã€ Spring Securityã€redisã€Vueçš„å‰åç«¯åˆ†ç¦»çš„åå°ç®¡ç†ç³»ç»Ÿï¼Œé¡¹ç›®é‡‡ç”¨åˆ†æ¨¡å—å¼€å‘æ–¹å¼ï¼Œ æƒé™æ§åˆ¶é‡‡ç”¨ RBACï¼Œæ”¯æŒæ•°æ®å­—å…¸ä¸æ•°æ®æƒé™ç®¡ç†ï¼Œæ”¯æŒä¸€é”®ç”Ÿæˆå‰åç«¯ä»£ç ï¼Œæ”¯æŒåŠ¨æ€è·¯ç”±,19405,6991,159,Java,https://api.github.com/repos/elunez/eladmin,2018-12-14T08:54:24Z,2023-03-11T13:50:17Z,2023-02-17T10:06:49Z,Apache License 2.0
DoKit,didi,https://github.com/didi/DoKit,144705602,MDEwOlJlcG9zaXRvcnkxNDQ3MDU2MDI=,ä¸€æ¬¾é¢å‘æ³›å‰ç«¯äº§å“ç ”å‘å…¨ç”Ÿå‘½å‘¨æœŸçš„æ•ˆç‡å¹³å°ã€‚,19345,2996,444,Java,https://api.github.com/repos/didi/DoKit,2018-08-14T10:32:07Z,2023-03-11T14:07:08Z,2023-03-02T05:58:26Z,Apache License 2.0
rocketmq,apache,https://github.com/apache/rocketmq,75164823,MDEwOlJlcG9zaXRvcnk3NTE2NDgyMw==,"Apache RocketMQ is a cloud native messaging and streaming platform, making it simple to build event-driven applications.",18864,10632,3105,Java,https://api.github.com/repos/apache/rocketmq,2016-11-30T08:00:08Z,2023-03-11T14:11:05Z,2023-03-11T13:31:16Z,Apache License 2.0
FizzBuzzEnterpriseEdition,EnterpriseQualityCoding,https://github.com/EnterpriseQualityCoding/FizzBuzzEnterpriseEdition,6834703,MDEwOlJlcG9zaXRvcnk2ODM0NzAz,FizzBuzz Enterprise Edition is a no-nonsense implementation of FizzBuzz made by serious businessmen for serious business purposes.,18713,732,129,Java,https://api.github.com/repos/EnterpriseQualityCoding/FizzBuzzEnterpriseEdition,2012-11-24T00:14:41Z,2023-03-11T07:44:10Z,2022-11-10T20:36:08Z,NO LICENSE
PhotoView,Baseflow,https://github.com/Baseflow/PhotoView,5084750,MDEwOlJlcG9zaXRvcnk1MDg0NzUw,"Implementation of ImageView for Android that supports zooming, by various touch gestures.",18452,3919,153,Java,https://api.github.com/repos/Baseflow/PhotoView,2012-07-17T16:39:00Z,2023-03-11T02:13:37Z,2022-03-25T09:53:49Z,Apache License 2.0
GSYVideoPlayer,CarGuo,https://github.com/CarGuo/GSYVideoPlayer,73614722,MDEwOlJlcG9zaXRvcnk3MzYxNDcyMg==,"è§†é¢‘æ’­æ”¾å™¨ï¼ˆIJKplayerã€ExoPlayerã€MediaPlayerï¼‰ï¼ŒHTTPSï¼Œæ”¯æŒå¼¹å¹•ï¼Œå¤–æŒ‚å­—å¹•ï¼Œæ”¯æŒæ»¤é•œã€æ°´å°ã€gifæˆªå›¾ï¼Œç‰‡å¤´å¹¿å‘Šã€ä¸­é—´å¹¿å‘Šï¼Œå¤šä¸ªåŒæ—¶æ’­æ”¾ï¼Œæ”¯æŒåŸºæœ¬çš„æ‹–åŠ¨ï¼Œå£°éŸ³ã€äº®åº¦è°ƒèŠ‚ï¼Œæ”¯æŒè¾¹æ’­è¾¹ç¼“å­˜ï¼Œæ”¯æŒè§†é¢‘è‡ªå¸¦rotationçš„æ—‹è½¬ï¼ˆ90,270ä¹‹ç±»ï¼‰ï¼Œé‡åŠ›æ—‹è½¬ä¸æ‰‹åŠ¨æ—‹è½¬çš„åŒæ­¥æ”¯æŒï¼Œæ”¯æŒåˆ—è¡¨æ’­æ”¾ ï¼Œåˆ—è¡¨å…¨å±åŠ¨ç”»ï¼Œè§†é¢‘åŠ è½½é€Ÿåº¦ï¼Œåˆ—è¡¨å°çª—å£æ”¯æŒæ‹–åŠ¨ï¼ŒåŠ¨ç”»æ•ˆæœï¼Œè°ƒæ•´æ¯”ä¾‹ï¼Œå¤šåˆ†è¾¨ç‡åˆ‡æ¢ï¼Œæ”¯æŒåˆ‡æ¢æ’­æ”¾å™¨ï¼Œè¿›åº¦æ¡å°çª—å£é¢„è§ˆï¼Œåˆ—è¡¨åˆ‡æ¢è¯¦æƒ…é¡µé¢æ— ç¼æ’­æ”¾ï¼Œrtspã€concatã€mpegã€‚ ",18324,4001,55,Java,https://api.github.com/repos/CarGuo/GSYVideoPlayer,2016-11-13T12:34:31Z,2023-03-11T10:00:23Z,2023-03-02T09:53:49Z,Apache License 2.0
graal,oracle,https://github.com/oracle/graal,49662222,MDEwOlJlcG9zaXRvcnk0OTY2MjIyMg==,GraalVM: Run Programs Faster Anywhere :rocket:,18303,1470,2562,Java,https://api.github.com/repos/oracle/graal,2016-01-14T17:11:35Z,2023-03-11T11:35:36Z,2023-03-11T13:28:00Z,Other
mybatis-3,mybatis,https://github.com/mybatis/mybatis-3,8205602,MDEwOlJlcG9zaXRvcnk4MjA1NjAy,MyBatis SQL mapper framework for Java,18253,12149,1597,Java,https://api.github.com/repos/mybatis/mybatis-3,2013-02-14T19:03:32Z,2023-03-11T14:13:05Z,2023-03-11T05:47:11Z,Apache License 2.0
shardingsphere,apache,https://github.com/apache/shardingsphere,49876476,MDEwOlJlcG9zaXRvcnk0OTg3NjQ3Ng==,"Ecosystem to transform any database into a distributed database system, and enhance it with sharding, elastic scaling, encryption features & more",18064,6217,15521,Java,https://api.github.com/repos/apache/shardingsphere,2016-01-18T12:49:26Z,2023-03-11T13:05:08Z,2023-03-11T14:59:10Z,Apache License 2.0
HikariCP,brettwooldridge,https://github.com/brettwooldridge/HikariCP,13404515,MDEwOlJlcG9zaXRvcnkxMzQwNDUxNQ==,"å…‰ HikariCPãƒ»A solid, high-performance, JDBC connection pool at last.",17934,2701,394,Java,https://api.github.com/repos/brettwooldridge/HikariCP,2013-10-08T05:43:03Z,2023-03-11T14:25:27Z,2023-03-03T22:49:35Z,Apache License 2.0
litemall,linlinjava,https://github.com/linlinjava/litemall,126365965,MDEwOlJlcG9zaXRvcnkxMjYzNjU5NjU=,åˆä¸€ä¸ªå°å•†åŸã€‚litemall = Spring Bootåç«¯ + Vueç®¡ç†å‘˜å‰ç«¯ + å¾®ä¿¡å°ç¨‹åºç”¨æˆ·å‰ç«¯ + Vueç”¨æˆ·ç§»åŠ¨ç«¯,17785,6932,171,Java,https://api.github.com/repos/linlinjava/litemall,2018-03-22T16:42:30Z,2023-03-11T13:50:20Z,2023-03-02T00:24:22Z,MIT License
cat,dianping,https://github.com/dianping/cat,7010724,MDEwOlJlcG9zaXRvcnk3MDEwNzI0,"CAT ä½œä¸ºæœåŠ¡ç«¯é¡¹ç›®åŸºç¡€ç»„ä»¶ï¼Œæä¾›äº† Java, C/C++, Node.js, Python, Go ç­‰å¤šè¯­è¨€å®¢æˆ·ç«¯ï¼Œå·²ç»åœ¨ç¾å›¢ç‚¹è¯„çš„åŸºç¡€æ¶æ„ä¸­é—´ä»¶æ¡†æ¶ï¼ˆMVCæ¡†æ¶ï¼ŒRPCæ¡†æ¶ï¼Œæ•°æ®åº“æ¡†æ¶ï¼Œç¼“å­˜æ¡†æ¶ç­‰ï¼Œæ¶ˆæ¯é˜Ÿåˆ—ï¼Œé…ç½®ç³»ç»Ÿç­‰ï¼‰æ·±åº¦é›†æˆï¼Œä¸ºç¾å›¢ç‚¹è¯„å„ä¸šåŠ¡çº¿æä¾›ç³»ç»Ÿä¸°å¯Œçš„æ€§èƒ½æŒ‡æ ‡ã€å¥åº·çŠ¶å†µã€å®æ—¶å‘Šè­¦ç­‰ã€‚",17585,5313,1068,Java,https://api.github.com/repos/dianping/cat,2012-12-05T02:31:48Z,2023-03-11T12:53:44Z,2023-03-08T17:27:56Z,Apache License 2.0
Mindustry,Anuken,https://github.com/Anuken/Mindustry,89822531,MDEwOlJlcG9zaXRvcnk4OTgyMjUzMQ==,The automation tower defense RTS,17314,2409,4648,Java,https://api.github.com/repos/Anuken/Mindustry,2017-04-30T01:24:29Z,2023-03-11T14:11:28Z,2023-03-10T21:50:59Z,GNU General Public License v3.0
SpringCloudLearning,forezp,https://github.com/forezp/SpringCloudLearning,87624870,MDEwOlJlcG9zaXRvcnk4NzYyNDg3MA==,ã€Šå²ä¸Šæœ€ç®€å•çš„Spring Cloudæ•™ç¨‹æºç ã€‹,17166,8074,13,Java,https://api.github.com/repos/forezp/SpringCloudLearning,2017-04-08T10:06:56Z,2023-03-11T13:50:22Z,2021-04-12T09:53:47Z,NO LICENSE
fresco,facebook,https://github.com/facebook/fresco,31533997,MDEwOlJlcG9zaXRvcnkzMTUzMzk5Nw==,An Android library for managing images and the memory they use.,16920,3783,412,Java,https://api.github.com/repos/facebook/fresco,2015-03-02T09:58:04Z,2023-03-10T21:49:44Z,2023-03-08T23:55:56Z,MIT License
Android-Universal-Image-Loader,nostra13,https://github.com/nostra13/Android-Universal-Image-Loader,2862290,MDEwOlJlcG9zaXRvcnkyODYyMjkw,"Powerful and flexible library for loading, caching and displaying images on Android.",16813,6221,152,Java,https://api.github.com/repos/nostra13/Android-Universal-Image-Loader,2011-11-27T18:48:23Z,2023-03-10T14:41:22Z,2022-01-17T09:48:53Z,Apache License 2.0
tinker,Tencent,https://github.com/Tencent/tinker,67481986,MDEwOlJlcG9zaXRvcnk2NzQ4MTk4Ng==,"Tinker is a hot-fix solution library for Android, it supports dex, library and resources update without reinstall apk.",16701,3332,151,Java,https://api.github.com/repos/Tencent/tinker,2016-09-06T06:57:52Z,2023-03-11T13:18:02Z,2023-02-22T08:43:34Z,Other
zheng,shuzheng,https://github.com/shuzheng/zheng,69953445,MDEwOlJlcG9zaXRvcnk2OTk1MzQ0NQ==,åŸºäºSpring+SpringMVC+Mybatisåˆ†å¸ƒå¼æ•æ·å¼€å‘ç³»ç»Ÿæ¶æ„ï¼Œæä¾›æ•´å¥—å…¬å…±å¾®æœåŠ¡æœåŠ¡æ¨¡å—ï¼šé›†ä¸­æƒé™ç®¡ç†ï¼ˆå•ç‚¹ç™»å½•ï¼‰ã€å†…å®¹ç®¡ç†ã€æ”¯ä»˜ä¸­å¿ƒã€ç”¨æˆ·ç®¡ç†ï¼ˆæ”¯æŒç¬¬ä¸‰æ–¹ç™»å½•ï¼‰ã€å¾®ä¿¡å¹³å°ã€å­˜å‚¨ç³»ç»Ÿã€é…ç½®ä¸­å¿ƒã€æ—¥å¿—åˆ†æã€ä»»åŠ¡å’Œé€šçŸ¥ç­‰ï¼Œæ”¯æŒæœåŠ¡æ²»ç†ã€ç›‘æ§å’Œè¿½è¸ªï¼ŒåŠªåŠ›ä¸ºä¸­å°å‹ä¼ä¸šæ‰“é€ å…¨æ–¹ä½J2EEä¼ä¸šçº§å¼€å‘è§£å†³æ–¹æ¡ˆã€‚,16450,7458,135,Java,https://api.github.com/repos/shuzheng/zheng,2016-10-04T10:07:06Z,2023-03-10T18:45:00Z,2022-12-16T09:53:00Z,MIT License
SpringBoot-Labs,yudaocode,https://github.com/yudaocode/SpringBoot-Labs,148496687,MDEwOlJlcG9zaXRvcnkxNDg0OTY2ODc=,ä¸€ä¸ªæ¶µç›–å…­ä¸ªä¸“æ ï¼šSpring Boot 2.Xã€Spring Cloudã€Spring Cloud Alibabaã€Dubboã€åˆ†å¸ƒå¼æ¶ˆæ¯é˜Ÿåˆ—ã€åˆ†å¸ƒå¼äº‹åŠ¡çš„ä»“åº“ã€‚å¸Œæœ›èƒ–å‹å°æ‰‹ä¸€æŠ–ï¼Œå³ä¸Šè§’æ¥ä¸ª Starï¼Œæ„Ÿæ© 1024,16249,5313,29,Java,https://api.github.com/repos/yudaocode/SpringBoot-Labs,2018-09-12T14:51:46Z,2023-03-11T13:50:24Z,2022-09-03T08:55:18Z,NO LICENSE
java8-tutorial,winterbe,https://github.com/winterbe/java8-tutorial,17804584,MDEwOlJlcG9zaXRvcnkxNzgwNDU4NA==,Modern Java - A Guide to Java 8,16193,3962,47,Java,https://api.github.com/repos/winterbe/java8-tutorial,2014-03-16T17:25:43Z,2023-03-11T13:32:28Z,2023-01-11T14:16:18Z,MIT License
zipkin,openzipkin,https://github.com/openzipkin/zipkin,4576305,MDEwOlJlcG9zaXRvcnk0NTc2MzA1,Zipkin is a distributed tracing system,16050,3044,2179,Java,https://api.github.com/repos/openzipkin/zipkin,2012-06-06T18:26:16Z,2023-03-11T02:48:54Z,2023-03-09T15:55:16Z,Apache License 2.0
Apktool,iBotPeaches,https://github.com/iBotPeaches/Apktool,3766706,MDEwOlJlcG9zaXRvcnkzNzY2NzA2,A tool for reverse engineering Android apk files,15867,3294,377,Java,https://api.github.com/repos/iBotPeaches/Apktool,2012-03-19T17:46:53Z,2023-03-11T13:18:40Z,2023-03-07T10:52:04Z,Apache License 2.0
disruptor,LMAX-Exchange,https://github.com/LMAX-Exchange/disruptor,5901900,MDEwOlJlcG9zaXRvcnk1OTAxOTAw,High Performance Inter-Thread Messaging Library,15811,3756,157,Java,https://api.github.com/repos/LMAX-Exchange/disruptor,2012-09-21T13:42:24Z,2023-03-11T11:51:49Z,2023-02-15T18:20:01Z,Apache License 2.0
openapi-generator,OpenAPITools,https://github.com/OpenAPITools/openapi-generator,133134007,MDEwOlJlcG9zaXRvcnkxMzMxMzQwMDc=,"OpenAPI Generator allows generation of API client libraries (SDK generation), server stubs, documentation and configuration automatically given an OpenAPI Spec (v2, v3)",15543,5074,8467,Java,https://api.github.com/repos/OpenAPITools/openapi-generator,2018-05-12T09:57:56Z,2023-03-11T14:12:26Z,2023-03-11T11:14:03Z,Apache License 2.0
Android-CleanArchitecture,android10,https://github.com/android10/Android-CleanArchitecture,23112526,MDEwOlJlcG9zaXRvcnkyMzExMjUyNg==,This is a sample app that is part of a series of blog posts I have written about how to architect an android application using Uncle Bob's clean architecture approach.,15305,3366,58,Java,https://api.github.com/repos/android10/Android-CleanArchitecture,2014-08-19T14:09:26Z,2023-03-11T13:18:51Z,2021-09-09T11:43:49Z,Apache License 2.0
springboot-learning-example,JeffLi1993,https://github.com/JeffLi1993/springboot-learning-example,81057842,MDEwOlJlcG9zaXRvcnk4MTA1Nzg0Mg==,spring boot å®è·µå­¦ä¹ æ¡ˆä¾‹ï¼Œæ˜¯ spring boot åˆå­¦è€…åŠæ ¸å¿ƒæŠ€æœ¯å·©å›ºçš„æœ€ä½³å®è·µã€‚,15305,7060,64,Java,https://api.github.com/repos/JeffLi1993/springboot-learning-example,2017-02-06T07:02:25Z,2023-03-10T19:21:56Z,2023-01-13T10:01:05Z,Apache License 2.0
jdk,openjdk,https://github.com/openjdk/jdk,149121954,MDEwOlJlcG9zaXRvcnkxNDkxMjE5NTQ=,JDK main-line development https://openjdk.org/projects/jdk,15267,4331,12962,Java,https://api.github.com/repos/openjdk/jdk,2018-09-17T12:29:20Z,2023-03-11T14:52:54Z,2023-03-11T15:08:01Z,GNU General Public License v2.0
keycloak,keycloak,https://github.com/keycloak/keycloak,11125589,MDEwOlJlcG9zaXRvcnkxMTEyNTU4OQ==,Open Source Identity and Access Management For Modern Applications and Services,15223,5204,10911,Java,https://api.github.com/repos/keycloak/keycloak,2013-07-02T13:38:51Z,2023-03-11T02:06:55Z,2023-03-11T12:06:43Z,Apache License 2.0
SpringBoot-Learning,dyc87112,https://github.com/dyc87112/SpringBoot-Learning,66179765,MDEwOlJlcG9zaXRvcnk2NjE3OTc2NQ==,ã€ŠSpring BootåŸºç¡€æ•™ç¨‹ã€‹ï¼Œ2.xç‰ˆæœ¬æŒç»­è¿è½½ä¸­ï¼ç‚¹å‡»ä¸‹æ–¹é“¾æ¥ç›´è¾¾æ•™ç¨‹ç›®å½•ï¼,15026,4826,37,Java,https://api.github.com/repos/dyc87112/SpringBoot-Learning,2016-08-21T03:39:06Z,2023-03-11T13:50:26Z,2022-09-15T08:08:50Z,NO LICENSE
APIJSON,Tencent,https://github.com/Tencent/APIJSON,74359442,MDEwOlJlcG9zaXRvcnk3NDM1OTQ0Mg==,ğŸ† é›¶ä»£ç ã€å…¨åŠŸèƒ½ã€å¼ºå®‰å…¨ ORM åº“ ğŸš€ åç«¯æ¥å£å’Œæ–‡æ¡£é›¶ä»£ç ï¼Œå‰ç«¯(å®¢æˆ·ç«¯) å®šåˆ¶è¿”å› JSON çš„æ•°æ®å’Œç»“æ„ã€‚ ğŸ† A JSON Transmission Protocol and an ORM Library ğŸš€  provides APIs and Docs without writing any code.,14886,1932,116,Java,https://api.github.com/repos/Tencent/APIJSON,2016-11-21T12:03:29Z,2023-03-11T14:55:41Z,2023-03-11T11:41:47Z,Other
elasticsearch-analysis-ik,medcl,https://github.com/medcl/elasticsearch-analysis-ik,2993595,MDEwOlJlcG9zaXRvcnkyOTkzNTk1,"The IK Analysis plugin integrates Lucene IK analyzer into elasticsearch, support customized dictionary.",14857,3119,105,Java,https://api.github.com/repos/medcl/elasticsearch-analysis-ik,2011-12-16T09:01:45Z,2023-03-11T11:51:05Z,2023-02-27T02:11:53Z,Apache License 2.0
material-components-android,material-components,https://github.com/material-components/material-components-android,75643096,MDEwOlJlcG9zaXRvcnk3NTY0MzA5Ng==,Modular and customizable Material Design UI components for Android,14663,2947,529,Java,https://api.github.com/repos/material-components/material-components-android,2016-12-05T16:11:29Z,2023-03-11T14:05:26Z,2023-03-08T21:30:31Z,Apache License 2.0
presto,prestodb,https://github.com/prestodb/presto,5349565,MDEwOlJlcG9zaXRvcnk1MzQ5NTY1,The official home of the Presto distributed SQL query engine for big data,14525,4959,13829,Java,https://api.github.com/repos/prestodb/presto,2012-08-09T01:03:37Z,2023-03-11T13:55:19Z,2023-03-11T06:13:30Z,Apache License 2.0
JustAuth,justauth,https://github.com/justauth/JustAuth,168500397,MDEwOlJlcG9zaXRvcnkxNjg1MDAzOTc=,"ğŸ†Gitee æœ€æœ‰ä»·å€¼å¼€æºé¡¹ç›® ğŸš€:100: å°è€Œå…¨è€Œç¾çš„ç¬¬ä¸‰æ–¹ç™»å½•å¼€æºç»„ä»¶ã€‚ç›®å‰å·²æ”¯æŒGithubã€Giteeã€å¾®åšã€é’‰é’‰ã€ç™¾åº¦ã€Codingã€è…¾è®¯äº‘å¼€å‘è€…å¹³å°ã€OSChinaã€æ”¯ä»˜å®ã€QQã€å¾®ä¿¡ã€æ·˜å®ã€Googleã€Facebookã€æŠ–éŸ³ã€é¢†è‹±ã€å°ç±³ã€å¾®è½¯ã€ä»Šæ—¥å¤´æ¡ã€Teambitionã€StackOverflowã€Pinterestã€äººäººã€åä¸ºã€ä¼ä¸šå¾®ä¿¡ã€é…·å®¶ä¹ã€Gitlabã€ç¾å›¢ã€é¥¿äº†ä¹ˆã€æ¨ç‰¹ã€é£ä¹¦ã€äº¬ä¸œã€é˜¿é‡Œäº‘ã€å–œé©¬æ‹‰é›…ã€Amazonã€Slackå’Œ Line ç­‰ç¬¬ä¸‰æ–¹å¹³å°çš„æˆæƒç™»å½•ã€‚ Login, so easy!",14492,2524,67,Java,https://api.github.com/repos/justauth/JustAuth,2019-01-31T09:42:20Z,2023-03-11T09:16:19Z,2023-02-26T09:41:42Z,MIT License
Algorithms,williamfiset,https://github.com/williamfiset/Algorithms,85371262,MDEwOlJlcG9zaXRvcnk4NTM3MTI2Mg==,A collection of algorithms and data structures,14458,3904,194,Java,https://api.github.com/repos/williamfiset/Algorithms,2017-03-18T02:50:46Z,2023-03-11T08:35:18Z,2023-02-22T18:23:59Z,MIT License
CircleImageView,hdodenhof,https://github.com/hdodenhof/CircleImageView,16005410,MDEwOlJlcG9zaXRvcnkxNjAwNTQxMA==,A circular ImageView for Android,14390,3140,57,Java,https://api.github.com/repos/hdodenhof/CircleImageView,2014-01-17T16:44:46Z,2023-03-11T08:32:12Z,2023-01-10T19:03:41Z,Apache License 2.0
VirtualXposed,android-hacker,https://github.com/android-hacker/VirtualXposed,112717963,MDEwOlJlcG9zaXRvcnkxMTI3MTc5NjM=,"A simple app to use Xposed without root, unlock the bootloader or modify system image, etc.",14197,2407,70,Java,https://api.github.com/repos/android-hacker/VirtualXposed,2017-12-01T09:00:58Z,2023-03-11T11:51:39Z,2022-09-09T02:58:50Z,GNU General Public License v3.0
mybatis-plus,baomidou,https://github.com/baomidou/mybatis-plus,65987043,MDEwOlJlcG9zaXRvcnk2NTk4NzA0Mw==,An powerful enhanced toolkit of MyBatis for simplify development,14145,3845,712,Java,https://api.github.com/repos/baomidou/mybatis-plus,2016-08-18T10:06:53Z,2023-03-11T10:19:59Z,2023-03-08T02:27:15Z,Apache License 2.0
ARouter,alibaba,https://github.com/alibaba/ARouter,76413186,MDEwOlJlcG9zaXRvcnk3NjQxMzE4Ng==,ğŸ’ª A framework for assisting in the renovation of Android componentization (å¸®åŠ© Android App è¿›è¡Œç»„ä»¶åŒ–æ”¹é€ çš„è·¯ç”±æ¡†æ¶),14117,2538,151,Java,https://api.github.com/repos/alibaba/ARouter,2016-12-14T01:27:49Z,2023-03-10T18:45:06Z,2023-02-24T12:44:50Z,Apache License 2.0
antlr4,antlr,https://github.com/antlr/antlr4,501687,MDEwOlJlcG9zaXRvcnk1MDE2ODc=,"ANTLR (ANother Tool for Language Recognition) is a powerful parser generator for reading, processing, executing, or translating structured text or binary files.",14021,2991,1907,Java,https://api.github.com/repos/antlr/antlr4,2010-02-04T01:36:28Z,2023-03-11T14:41:13Z,2023-03-10T20:21:23Z,"BSD 3-Clause ""New"" or ""Revised"" License"
QMUI_Android,Tencent,https://github.com/Tencent/QMUI_Android,88970564,MDEwOlJlcG9zaXRvcnk4ODk3MDU2NA==,æé«˜ Android UI å¼€å‘æ•ˆç‡çš„ UI åº“,13980,2634,39,Java,https://api.github.com/repos/Tencent/QMUI_Android,2017-04-21T10:03:18Z,2023-03-11T00:39:59Z,2023-03-10T09:16:08Z,Other
mockito,mockito,https://github.com/mockito/mockito,6207167,MDEwOlJlcG9zaXRvcnk2MjA3MTY3,Most popular Mocking framework for unit tests written in Java,13751,2369,1466,Java,https://api.github.com/repos/mockito/mockito,2012-10-13T20:27:12Z,2023-03-11T04:48:51Z,2023-03-09T19:24:33Z,MIT License
bytecode-viewer,Konloch,https://github.com/Konloch/bytecode-viewer,25201361,MDEwOlJlcG9zaXRvcnkyNTIwMTM2MQ==,"A Java 8+ Jar & Android APK Reverse Engineering Suite (Decompiler, Editor, Debugger & More)",13567,1086,137,Java,https://api.github.com/repos/Konloch/bytecode-viewer,2014-10-14T10:26:46Z,2023-03-11T06:30:50Z,2023-02-22T09:41:58Z,GNU General Public License v3.0
Material-Animations,lgvalle,https://github.com/lgvalle/Material-Animations,31865176,MDEwOlJlcG9zaXRvcnkzMTg2NTE3Ng==,Android Transition animations explanation with examples.,13552,2529,24,Java,https://api.github.com/repos/lgvalle/Material-Animations,2015-03-08T20:54:00Z,2023-03-09T01:23:49Z,2019-04-02T15:42:38Z,MIT License
logger,orhanobut,https://github.com/orhanobut/logger,32610336,MDEwOlJlcG9zaXRvcnkzMjYxMDMzNg==,"âœ”ï¸ Simple, pretty and powerful logger for android",13536,2141,62,Java,https://api.github.com/repos/orhanobut/logger,2015-03-20T22:30:12Z,2023-03-11T06:41:50Z,2022-09-14T10:04:00Z,Apache License 2.0
BigData-Notes,heibaiying,https://github.com/heibaiying/BigData-Notes,174765647,MDEwOlJlcG9zaXRvcnkxNzQ3NjU2NDc=,å¤§æ•°æ®å…¥é—¨æŒ‡å—  :star:,13505,3856,39,Java,https://api.github.com/repos/heibaiying/BigData-Notes,2019-03-10T01:40:01Z,2023-03-11T14:42:34Z,2023-02-01T11:44:36Z,NO LICENSE
Arduino,arduino,https://github.com/arduino/Arduino,919161,MDEwOlJlcG9zaXRvcnk5MTkxNjE=,Arduino IDE 1.x,13436,7073,1494,Java,https://api.github.com/repos/arduino/Arduino,2010-09-17T19:10:36Z,2023-03-11T07:10:18Z,2022-10-29T19:36:35Z,Other
vert.x,eclipse-vertx,https://github.com/eclipse-vertx/vert.x,1911523,MDEwOlJlcG9zaXRvcnkxOTExNTIz,Vert.x is a tool-kit for building reactive applications on the JVM,13435,1985,2114,Java,https://api.github.com/repos/eclipse-vertx/vert.x,2011-06-17T14:54:55Z,2023-03-11T14:14:05Z,2023-03-10T10:24:58Z,Other
logstash,elastic,https://github.com/elastic/logstash,1090311,MDEwOlJlcG9zaXRvcnkxMDkwMzEx,"Logstash - transport and process your logs, events, or other data",13322,3402,8511,Java,https://api.github.com/repos/elastic/logstash,2010-11-18T01:31:50Z,2023-03-11T09:16:06Z,2023-03-11T00:01:15Z,Other
hadoop,apache,https://github.com/apache/hadoop,23418517,MDEwOlJlcG9zaXRvcnkyMzQxODUxNw==,Apache Hadoop,13317,8268,5460,Java,https://api.github.com/repos/apache/hadoop,2014-08-28T07:00:08Z,2023-03-11T14:25:25Z,2023-03-11T13:50:08Z,Apache License 2.0
caffeine,ben-manes,https://github.com/ben-manes/caffeine,27954927,MDEwOlJlcG9zaXRvcnkyNzk1NDkyNw==,A high performance caching library for Java,13262,1416,184,Java,https://api.github.com/repos/ben-manes/caffeine,2014-12-13T08:45:11Z,2023-03-11T10:49:22Z,2023-03-07T09:54:38Z,Apache License 2.0
Android-PickerView,Bigkoo,https://github.com/Bigkoo/Android-PickerView,28550872,MDEwOlJlcG9zaXRvcnkyODU1MDg3Mg==,"This is a picker view for android , support linkage effect, timepicker and optionspicker.ï¼ˆæ—¶é—´é€‰æ‹©å™¨ã€çœå¸‚åŒºä¸‰çº§è”åŠ¨ï¼‰",13257,3424,78,Java,https://api.github.com/repos/Bigkoo/Android-PickerView,2014-12-28T01:46:38Z,2023-03-11T08:33:00Z,2022-12-30T03:36:03Z,Apache License 2.0
thingsboard,thingsboard,https://github.com/thingsboard/thingsboard,75277003,MDEwOlJlcG9zaXRvcnk3NTI3NzAwMw==,"Open-source IoT Platform - Device management, data collection, processing and visualization.",13254,4205,3356,Java,https://api.github.com/repos/thingsboard/thingsboard,2016-12-01T09:33:30Z,2023-03-11T10:47:56Z,2023-03-11T12:00:45Z,Apache License 2.0
flink-learning,zhisheng17,https://github.com/zhisheng17/flink-learning,163721192,MDEwOlJlcG9zaXRvcnkxNjM3MjExOTI=,flink learning blog. http://www.54tianzhisheng.cn/  å« Flink å…¥é—¨ã€æ¦‚å¿µã€åŸç†ã€å®æˆ˜ã€æ€§èƒ½è°ƒä¼˜ã€æºç è§£æç­‰å†…å®¹ã€‚æ¶‰åŠ Flink Connectorã€Metricsã€Libraryã€DataStream APIã€Table API & SQL ç­‰å†…å®¹çš„å­¦ä¹ æ¡ˆä¾‹ï¼Œè¿˜æœ‰ Flink è½åœ°åº”ç”¨çš„å¤§å‹é¡¹ç›®æ¡ˆä¾‹ï¼ˆPVUVã€æ—¥å¿—å­˜å‚¨ã€ç™¾äº¿æ•°æ®å®æ—¶å»é‡ã€ç›‘æ§å‘Šè­¦ï¼‰åˆ†äº«ã€‚æ¬¢è¿å¤§å®¶æ”¯æŒæˆ‘çš„ä¸“æ ã€Šå¤§æ•°æ®å®æ—¶è®¡ç®—å¼•æ“ Flink å®æˆ˜ä¸æ€§èƒ½ä¼˜åŒ–ã€‹,13247,3671,58,Java,https://api.github.com/repos/zhisheng17/flink-learning,2019-01-01T07:38:28Z,2023-03-11T14:17:25Z,2023-02-28T12:34:27Z,Apache License 2.0
Luban,Curzibn,https://github.com/Curzibn/Luban,64054478,MDEwOlJlcG9zaXRvcnk2NDA1NDQ3OA==,Luban(é²ç­)â€”Image compression with efficiency very close to WeChat Moments/å¯èƒ½æ˜¯æœ€æ¥è¿‘å¾®ä¿¡æœ‹å‹åœˆçš„å›¾ç‰‡å‹ç¼©ç®—æ³•,13195,2218,33,Java,https://api.github.com/repos/Curzibn/Luban,2016-07-24T07:43:21Z,2023-03-10T03:39:54Z,2021-11-06T13:32:29Z,Apache License 2.0
tink,google,https://github.com/google/tink,20570214,MDEwOlJlcG9zaXRvcnkyMDU3MDIxNA==,"Tink is a multi-language, cross-platform, open source library that provides cryptographic APIs that are secure, easy to use correctly, and hard(er) to misuse.",13047,1192,223,Java,https://api.github.com/repos/google/tink,2014-06-06T16:21:09Z,2023-03-11T08:44:00Z,2023-03-08T15:29:59Z,Apache License 2.0
DataX,alibaba,https://github.com/alibaba/DataX,117965972,MDEwOlJlcG9zaXRvcnkxMTc5NjU5NzI=,DataXæ˜¯é˜¿é‡Œäº‘DataWorksæ•°æ®é›†æˆçš„å¼€æºç‰ˆæœ¬ã€‚,13040,4679,418,Java,https://api.github.com/repos/alibaba/DataX,2018-01-18T10:09:47Z,2023-03-11T14:53:50Z,2023-03-09T07:45:37Z,Other
ip2region,lionsoul2014,https://github.com/lionsoul2014/ip2region,45363955,MDEwOlJlcG9zaXRvcnk0NTM2Mzk1NQ==,"Ip2region (2.0 - xdb) is a offline IP address manager framework and locator, support billions of data segments, ten microsecond searching performance. xdb engine implementation for many programming languages",12971,2336,98,Java,https://api.github.com/repos/lionsoul2014/ip2region,2015-11-02T00:43:13Z,2023-03-11T11:53:12Z,2023-02-05T11:06:52Z,Apache License 2.0
AndroidAutoSize,JessYanCoding,https://github.com/JessYanCoding/AndroidAutoSize,145098146,MDEwOlJlcG9zaXRvcnkxNDUwOTgxNDY=,ğŸ”¥ A low-cost Android screen adaptation solution (ä»Šæ—¥å¤´æ¡å±å¹•é€‚é…æ–¹æ¡ˆç»ˆæç‰ˆï¼Œä¸€ä¸ªæä½æˆæœ¬çš„ Android å±å¹•é€‚é…æ–¹æ¡ˆ).,12878,1897,7,Java,https://api.github.com/repos/JessYanCoding/AndroidAutoSize,2018-08-17T09:04:19Z,2023-03-10T08:30:40Z,2021-12-13T11:28:32Z,Apache License 2.0
deeplearning4j,deeplearning4j,https://github.com/deeplearning4j/deeplearning4j,14734876,MDEwOlJlcG9zaXRvcnkxNDczNDg3Ng==,"Suite of tools for deploying and training deep learning models using the JVM. Highlights include model import for keras, tensorflow, and onnx/pytorch, a modular and tiny c++ library for running math code and a java based math library on top of the core c++ library. Also includes samediff: a pytorch/tensorflow like library for running deep learning using automatic differentiation.",12815,4937,4241,Java,https://api.github.com/repos/deeplearning4j/deeplearning4j,2013-11-27T02:03:28Z,2023-03-11T11:04:40Z,2023-03-11T13:16:51Z,Apache License 2.0
Grasscutter,Grasscutters,https://github.com/Grasscutters/Grasscutter,482520194,R_kgDOHMKsgg,A server software reimplementation for a certain anime game.,12704,4071,1017,Java,https://api.github.com/repos/Grasscutters/Grasscutter,2022-04-17T12:43:46Z,2023-03-11T12:50:58Z,2023-03-11T11:16:03Z,GNU Affero General Public License v3.0
pinpoint,pinpoint-apm,https://github.com/pinpoint-apm/pinpoint,25459400,MDEwOlJlcG9zaXRvcnkyNTQ1OTQwMA==,"APM, (Application Performance Management) tool for large-scale distributed systems. ",12639,3692,5941,Java,https://api.github.com/repos/pinpoint-apm/pinpoint,2014-10-20T09:27:22Z,2023-03-10T09:09:36Z,2023-03-10T09:08:49Z,Apache License 2.0
stetho,facebook,https://github.com/facebook/stetho,29703871,MDEwOlJlcG9zaXRvcnkyOTcwMzg3MQ==,"Stetho is a debug bridge for Android applications, enabling the powerful Chrome Developer Tools and much more.",12623,1159,321,Java,https://api.github.com/repos/facebook/stetho,2015-01-22T22:34:10Z,2023-03-11T08:32:55Z,2022-04-20T16:47:36Z,MIT License
jib,GoogleContainerTools,https://github.com/GoogleContainerTools/jib,118497841,MDEwOlJlcG9zaXRvcnkxMTg0OTc4NDE=,ğŸ— Build container images for your Java applications.,12591,1356,2449,Java,https://api.github.com/repos/GoogleContainerTools/jib,2018-01-22T18:30:43Z,2023-03-10T18:45:38Z,2023-03-10T15:19:23Z,Apache License 2.0
greenDAO,greenrobot,https://github.com/greenrobot/greenDAO,2626751,MDEwOlJlcG9zaXRvcnkyNjI2NzUx,greenDAO is a light & fast ORM solution for Android that maps objects to SQLite databases.,12561,2893,128,Java,https://api.github.com/repos/greenrobot/greenDAO,2011-10-22T16:15:14Z,2023-03-10T22:32:12Z,2021-11-04T06:43:48Z,NO LICENSE
zuul,Netflix,https://github.com/Netflix/zuul,8759133,MDEwOlJlcG9zaXRvcnk4NzU5MTMz,"Zuul is a gateway service that provides dynamic routing, monitoring, resiliency, security, and more.",12479,2278,950,Java,https://api.github.com/repos/Netflix/zuul,2013-03-13T18:53:57Z,2023-03-11T05:08:13Z,2023-03-11T00:59:32Z,Apache License 2.0
druid,apache,https://github.com/apache/druid,6358188,MDEwOlJlcG9zaXRvcnk2MzU4MTg4,Apache Druid: a high performance real-time analytics database.,12457,3471,9282,Java,https://api.github.com/repos/apache/druid,2012-10-23T19:08:07Z,2023-03-11T10:05:56Z,2023-03-11T04:19:32Z,Apache License 2.0
spring-analysis,seaswalker,https://github.com/seaswalker/spring-analysis,67778031,MDEwOlJlcG9zaXRvcnk2Nzc3ODAzMQ==,Springæºç é˜…è¯»,12390,4002,22,Java,https://api.github.com/repos/seaswalker/spring-analysis,2016-09-09T07:46:32Z,2023-03-11T10:01:57Z,2022-12-16T09:43:52Z,NO LICENSE
pulsar,apache,https://github.com/apache/pulsar,62117812,MDEwOlJlcG9zaXRvcnk2MjExNzgxMg==,Apache Pulsar - distributed pub-sub messaging system,12388,3228,13425,Java,https://api.github.com/repos/apache/pulsar,2016-06-28T07:00:03Z,2023-03-11T09:49:52Z,2023-03-11T14:59:29Z,Apache License 2.0
Matisse,zhihu,https://github.com/zhihu/Matisse,88111990,MDEwOlJlcG9zaXRvcnk4ODExMTk5MA==,:fireworks: A well-designed local image and video selector for Android,12379,2070,171,Java,https://api.github.com/repos/zhihu/Matisse,2017-04-13T01:31:05Z,2023-03-08T22:24:30Z,2022-10-07T15:04:00Z,Apache License 2.0
banner,youth5201314,https://github.com/youth5201314/banner,56829582,MDEwOlJlcG9zaXRvcnk1NjgyOTU4Mg==,ğŸ”¥ğŸ”¥ğŸ”¥Banner 2.0 æ¥äº†ï¼Androidå¹¿å‘Šå›¾ç‰‡è½®æ’­æ§ä»¶ï¼Œå†…éƒ¨åŸºäºViewPager2å®ç°ï¼ŒIndicatorå’ŒUIéƒ½å¯ä»¥è‡ªå®šä¹‰ã€‚,12317,2399,32,Java,https://api.github.com/repos/youth5201314/banner,2016-04-22T05:50:25Z,2023-03-10T13:17:10Z,2022-11-20T10:52:25Z,Apache License 2.0
AndroidSwipeLayout,daimajia,https://github.com/daimajia/AndroidSwipeLayout,23301468,MDEwOlJlcG9zaXRvcnkyMzMwMTQ2OA==,The Most Powerful Swipe Layout!,12276,2698,65,Java,https://api.github.com/repos/daimajia/AndroidSwipeLayout,2014-08-25T04:09:33Z,2023-03-11T08:53:53Z,2021-08-05T11:51:50Z,MIT License
jd-gui,java-decompiler,https://github.com/java-decompiler/jd-gui,32844456,MDEwOlJlcG9zaXRvcnkzMjg0NDQ1Ng==,A standalone Java Decompiler GUI,12268,2215,57,Java,https://api.github.com/repos/java-decompiler/jd-gui,2015-03-25T05:28:41Z,2023-03-11T09:54:31Z,2023-02-21T09:24:20Z,GNU General Public License v3.0
PictureSelector,LuckSiege,https://github.com/LuckSiege/PictureSelector,77993578,MDEwOlJlcG9zaXRvcnk3Nzk5MzU3OA==,Picture Selector Library for Android or å›¾ç‰‡é€‰æ‹©å™¨,12264,2839,53,Java,https://api.github.com/repos/LuckSiege/PictureSelector,2017-01-04T07:47:39Z,2023-03-10T07:57:39Z,2023-02-27T01:20:14Z,Apache License 2.0
AndroidViewAnimations,daimajia,https://github.com/daimajia/AndroidViewAnimations,21113349,MDEwOlJlcG9zaXRvcnkyMTExMzM0OQ==,Cute view animation collection.,12244,2438,35,Java,https://api.github.com/repos/daimajia/AndroidViewAnimations,2014-06-23T03:53:13Z,2023-03-07T15:15:24Z,2021-08-18T23:15:07Z,MIT License
piggymetrics,sqshq,https://github.com/sqshq/piggymetrics,33082868,MDEwOlJlcG9zaXRvcnkzMzA4Mjg2OA==,"Microservice Architecture with Spring Boot, Spring Cloud and Docker",12199,5818,44,Java,https://api.github.com/repos/sqshq/piggymetrics,2015-03-29T17:56:31Z,2023-03-11T11:28:23Z,2022-03-01T09:20:15Z,MIT License
lombok,projectlombok,https://github.com/projectlombok/lombok,221862,MDEwOlJlcG9zaXRvcnkyMjE4NjI=,Very spicy additions to the Java programming language.,11818,2210,453,Java,https://api.github.com/repos/projectlombok/lombok,2009-06-08T19:46:41Z,2023-03-11T08:55:36Z,2023-02-24T07:14:14Z,Other
mall-learning,macrozheng,https://github.com/macrozheng/mall-learning,181012406,MDEwOlJlcG9zaXRvcnkxODEwMTI0MDY=,mallå­¦ä¹ æ•™ç¨‹ï¼Œæ¶æ„ã€ä¸šåŠ¡ã€æŠ€æœ¯è¦ç‚¹å…¨æ–¹ä½è§£æã€‚mallé¡¹ç›®ï¼ˆ50k+starï¼‰æ˜¯ä¸€å¥—ç”µå•†ç³»ç»Ÿï¼Œä½¿ç”¨ç°é˜¶æ®µä¸»æµæŠ€æœ¯å®ç°ã€‚æ¶µç›–äº†SpringBoot 2.3.0ã€MyBatis 3.4.6ã€Elasticsearch 7.6.2ã€RabbitMQ 3.7.15ã€Redis 5.0ã€MongoDB 4.2.5ã€Mysql5.7ç­‰æŠ€æœ¯ï¼Œé‡‡ç”¨Dockerå®¹å™¨åŒ–éƒ¨ç½²ã€‚,11814,8148,42,Java,https://api.github.com/repos/macrozheng/mall-learning,2019-04-12T13:20:31Z,2023-03-10T12:39:08Z,2023-02-28T02:40:08Z,Apache License 2.0
guice,google,https://github.com/google/guice,20275545,MDEwOlJlcG9zaXRvcnkyMDI3NTU0NQ==,"Guice (pronounced 'juice') is a lightweight dependency injection framework for Java 8 and above, brought to you by Google.",11810,1629,513,Java,https://api.github.com/repos/google/guice,2014-05-28T23:18:53Z,2023-03-11T14:59:53Z,2023-02-07T16:58:00Z,Apache License 2.0
Sa-Token,dromara,https://github.com/dromara/Sa-Token,237940592,MDEwOlJlcG9zaXRvcnkyMzc5NDA1OTI=,è¿™å¯èƒ½æ˜¯å²ä¸ŠåŠŸèƒ½æœ€å…¨çš„Javaæƒé™è®¤è¯æ¡†æ¶ï¼ç›®å‰å·²é›†æˆâ€”â€”ç™»å½•è®¤è¯ã€æƒé™è®¤è¯ã€åˆ†å¸ƒå¼Sessionä¼šè¯ã€å¾®æœåŠ¡ç½‘å…³é‰´æƒã€å•ç‚¹ç™»å½•ã€OAuth2.0ã€è¸¢äººä¸‹çº¿ã€Redisé›†æˆã€å‰åå°åˆ†ç¦»ã€è®°ä½æˆ‘æ¨¡å¼ã€æ¨¡æ‹Ÿä»–äººè´¦å·ã€ä¸´æ—¶èº«ä»½åˆ‡æ¢ã€è´¦å·å°ç¦ã€å¤šè´¦å·è®¤è¯ä½“ç³»ã€æ³¨è§£å¼é‰´æƒã€è·¯ç”±æ‹¦æˆªå¼é‰´æƒã€èŠ±å¼tokenç”Ÿæˆã€è‡ªåŠ¨ç»­ç­¾ã€åŒç«¯äº’æ–¥ç™»å½•ã€ä¼šè¯æ²»ç†ã€å¯†ç åŠ å¯†ã€jwté›†æˆã€Springé›†æˆã€WebFluxé›†æˆ...,11770,2090,65,Java,https://api.github.com/repos/dromara/Sa-Token,2020-02-03T10:34:29Z,2023-03-11T14:03:25Z,2023-03-08T17:28:16Z,Apache License 2.0
eureka,Netflix,https://github.com/Netflix/eureka,5198041,MDEwOlJlcG9zaXRvcnk1MTk4MDQx,AWS Service registry for resilient mid-tier load balancing and failover.,11730,3674,844,Java,https://api.github.com/repos/Netflix/eureka,2012-07-26T22:23:07Z,2023-03-11T05:32:20Z,2023-03-10T11:09:04Z,Apache License 2.0
VasSonic,Tencent,https://github.com/Tencent/VasSonic,98978879,MDEwOlJlcG9zaXRvcnk5ODk3ODg3OQ==,"VasSonic is a lightweight and high-performance Hybrid framework developed by tencent VAS team, which is intended to speed up the first screen of websites working on Android and iOS platform. ",11632,1613,115,Java,https://api.github.com/repos/Tencent/VasSonic,2017-08-01T08:35:13Z,2023-03-10T03:40:47Z,2020-01-04T11:55:57Z,Other
Mybatis-PageHelper,pagehelper,https://github.com/pagehelper/Mybatis-PageHelper,20651672,MDEwOlJlcG9zaXRvcnkyMDY1MTY3Mg==,Mybatisé€šç”¨åˆ†é¡µæ’ä»¶,11578,3103,60,Java,https://api.github.com/repos/pagehelper/Mybatis-PageHelper,2014-06-09T15:32:30Z,2023-03-11T09:31:34Z,2023-01-19T00:34:34Z,MIT License
spring-boot-admin,codecentric,https://github.com/codecentric/spring-boot-admin,22254856,MDEwOlJlcG9zaXRvcnkyMjI1NDg1Ng==,Admin UI for administration of spring boot applications,11561,2995,792,Java,https://api.github.com/repos/codecentric/spring-boot-admin,2014-07-25T11:39:13Z,2023-03-11T13:47:58Z,2023-03-10T12:09:14Z,Apache License 2.0
source-code-hunter,doocs,https://github.com/doocs/source-code-hunter,217943361,MDEwOlJlcG9zaXRvcnkyMTc5NDMzNjE=,ğŸ˜± ä»æºç å±‚é¢ï¼Œå‰–ææŒ–æ˜äº’è”ç½‘è¡Œä¸šä¸»æµæŠ€æœ¯çš„åº•å±‚å®ç°åŸç†ï¼Œä¸ºå¹¿å¤§å¼€å‘è€… â€œæå‡æŠ€æœ¯æ·±åº¦â€ æä¾›ä¾¿åˆ©ã€‚ç›®å‰å¼€æ”¾ Spring å…¨å®¶æ¡¶ï¼ŒMybatisã€Nettyã€Dubbo æ¡†æ¶ï¼ŒåŠ Redisã€Tomcat ä¸­é—´ä»¶ç­‰,11492,2236,113,Java,https://api.github.com/repos/doocs/source-code-hunter,2019-10-28T01:35:10Z,2023-03-10T16:50:27Z,2022-11-03T08:44:46Z,Creative Commons Attribution Share Alike 4.0 International
quarkus,quarkusio,https://github.com/quarkusio/quarkus,139914932,MDEwOlJlcG9zaXRvcnkxMzk5MTQ5MzI=,Quarkus: Supersonic Subatomic Java. ,11471,2144,17671,Java,https://api.github.com/repos/quarkusio/quarkus,2018-07-06T00:44:20Z,2023-03-11T14:21:51Z,2023-03-11T14:51:02Z,Apache License 2.0
uCrop,Yalantis,https://github.com/Yalantis/uCrop,49068243,MDEwOlJlcG9zaXRvcnk0OTA2ODI0Mw==,Image Cropping Library for Android,11451,2105,200,Java,https://api.github.com/repos/Yalantis/uCrop,2016-01-05T13:41:06Z,2023-03-11T08:32:14Z,2023-01-23T14:51:06Z,NO LICENSE
realm-java,realm,https://github.com/realm/realm-java,4084908,MDEwOlJlcG9zaXRvcnk0MDg0OTA4,Realm is a mobile database: a replacement for SQLite & ORMs,11363,1783,3196,Java,https://api.github.com/repos/realm/realm-java,2012-04-20T09:18:42Z,2023-03-11T08:55:24Z,2023-03-07T09:56:09Z,Apache License 2.0
neo4j,neo4j,https://github.com/neo4j/neo4j,6650539,MDEwOlJlcG9zaXRvcnk2NjUwNTM5,Graphs for Everyone,11168,2242,9736,Java,https://api.github.com/repos/neo4j/neo4j,2012-11-12T08:46:15Z,2023-03-11T06:18:25Z,2023-02-20T12:01:42Z,Other
androidannotations,androidannotations,https://github.com/androidannotations/androidannotations,3116751,MDEwOlJlcG9zaXRvcnkzMTE2NzUx,Fast Android Development. Easy maintainance.,11133,2408,634,Java,https://api.github.com/repos/androidannotations/androidannotations,2012-01-06T08:48:03Z,2023-03-09T07:14:13Z,2022-05-31T13:16:38Z,Other
SlidingMenu,jfeinstein10,https://github.com/jfeinstein10/SlidingMenu,4839957,MDEwOlJlcG9zaXRvcnk0ODM5OTU3,An Android library that allows you to easily create applications with slide-in menus. You may use it in your Android apps provided that you cite this project and include the license in your app. Thanks!,11132,5127,130,Java,https://api.github.com/repos/jfeinstein10/SlidingMenu,2012-06-30T05:14:23Z,2023-03-10T10:27:00Z,2021-09-19T14:04:18Z,Apache License 2.0
zookeeper,apache,https://github.com/apache/zookeeper,160999,MDEwOlJlcG9zaXRvcnkxNjA5OTk=,Apache ZooKeeper,11121,6925,1984,Java,https://api.github.com/repos/apache/zookeeper,2009-03-27T15:41:56Z,2023-03-11T12:01:03Z,2023-03-09T21:46:25Z,Apache License 2.0
PermissionsDispatcher,permissions-dispatcher,https://github.com/permissions-dispatcher/PermissionsDispatcher,40786751,MDEwOlJlcG9zaXRvcnk0MDc4Njc1MQ==,A declarative API to handle Android runtime permissions.,11100,1438,301,Java,https://api.github.com/repos/permissions-dispatcher/PermissionsDispatcher,2015-08-15T21:41:05Z,2023-03-10T10:58:00Z,2022-09-24T00:46:05Z,Apache License 2.0
fullstack-tutorial,frank-lam,https://github.com/frank-lam/fullstack-tutorial,129332826,MDEwOlJlcG9zaXRvcnkxMjkzMzI4MjY=,ğŸš€ fullstack tutorial 2022ï¼Œåå°æŠ€æœ¯æ ˆ/æ¶æ„å¸ˆä¹‹è·¯/å…¨æ ˆå¼€å‘ç¤¾åŒºï¼Œæ˜¥æ‹›/ç§‹æ‹›/æ ¡æ‹›/é¢è¯•,11023,2430,28,Java,https://api.github.com/repos/frank-lam/fullstack-tutorial,2018-04-13T01:50:10Z,2023-03-11T11:36:19Z,2022-12-02T03:33:19Z,NO LICENSE
mit-deep-learning-book-pdf,janishar,https://github.com/janishar/mit-deep-learning-book-pdf,87536046,MDEwOlJlcG9zaXRvcnk4NzUzNjA0Ng==,"MIT Deep Learning Book in PDF format (complete and parts) by Ian Goodfellow, Yoshua Bengio and Aaron Courville",10977,2422,6,Java,https://api.github.com/repos/janishar/mit-deep-learning-book-pdf,2017-04-07T10:46:50Z,2023-03-10T18:28:25Z,2022-12-26T10:15:38Z,NO LICENSE
DSA-Bootcamp-Java,kunal-kushwaha,https://github.com/kunal-kushwaha/DSA-Bootcamp-Java,391055597,MDEwOlJlcG9zaXRvcnkzOTEwNTU1OTc=,"This repository consists of the code samples, assignments, and notes for the Java Data Structures & Algorithms bootcamp of Community Classroom.",10967,7388,798,Java,https://api.github.com/repos/kunal-kushwaha/DSA-Bootcamp-Java,2021-07-30T12:23:25Z,2023-03-11T14:07:50Z,2023-03-11T08:41:36Z,NO LICENSE
jedis,redis,https://github.com/redis/jedis,715605,MDEwOlJlcG9zaXRvcnk3MTU2MDU=,Redis Java client designed for performance and ease of use.,10954,3730,1542,Java,https://api.github.com/repos/redis/jedis,2010-06-11T13:04:43Z,2023-03-11T14:41:22Z,2023-03-06T00:59:02Z,MIT License
onedev,theonedev,https://github.com/theonedev/onedev,156317154,MDEwOlJlcG9zaXRvcnkxNTYzMTcxNTQ=,Self-hosted Git Server with CI/CD and Kanban,10928,718,50,Java,https://api.github.com/repos/theonedev/onedev,2018-11-06T02:57:01Z,2023-03-11T02:36:37Z,2023-03-09T06:17:25Z,MIT License
Java,DuGuQiuBai,https://github.com/DuGuQiuBai/Java,46844958,MDEwOlJlcG9zaXRvcnk0Njg0NDk1OA==,27å¤©æˆä¸ºJavaå¤§ç¥,10842,4646,23,Java,https://api.github.com/repos/DuGuQiuBai/Java,2015-11-25T07:30:08Z,2023-03-11T08:20:52Z,2023-02-23T14:37:06Z,Artistic License 2.0
vlayout,alibaba,https://github.com/alibaba/vlayout,83285138,MDEwOlJlcG9zaXRvcnk4MzI4NTEzOA==,"Project vlayout is a powerfull LayoutManager extension for RecyclerView, it provides a group of layouts for RecyclerView. Make it able to handle a complicate situation when grid, list and other layouts in the same recyclerview. ",10832,1826,23,Java,https://api.github.com/repos/alibaba/vlayout,2017-02-27T08:11:47Z,2023-03-08T08:09:04Z,2021-07-14T04:40:34Z,MIT License
FlycoTabLayout,H07000223,https://github.com/H07000223/FlycoTabLayout,45808756,MDEwOlJlcG9zaXRvcnk0NTgwODc1Ng==,An Android TabLayout Lib,10813,2417,24,Java,https://api.github.com/repos/H07000223/FlycoTabLayout,2015-11-09T01:53:19Z,2023-03-11T12:23:24Z,2022-01-21T03:04:12Z,MIT License
webmagic,code4craft,https://github.com/code4craft/webmagic,9623064,MDEwOlJlcG9zaXRvcnk5NjIzMDY0,A scalable web crawler framework for Java.,10753,4114,198,Java,https://api.github.com/repos/code4craft/webmagic,2013-04-23T12:57:36Z,2023-03-11T00:53:43Z,2023-02-10T18:14:11Z,Apache License 2.0
FileDownloader,lingochamp,https://github.com/lingochamp/FileDownloader,48427914,MDEwOlJlcG9zaXRvcnk0ODQyNzkxNA==,Multitaskã€MultiThread(MultiConnection)ã€Breakpoint-resumeã€High-concurrencyã€Simple to useã€Single/NotSingle-process,10745,2171,67,Java,https://api.github.com/repos/lingochamp/FileDownloader,2015-12-22T11:17:16Z,2023-03-11T07:10:26Z,2022-01-30T05:13:38Z,Apache License 2.0
ImmersionBar,gyf-dev,https://github.com/gyf-dev/ImmersionBar,88703315,MDEwOlJlcG9zaXRvcnk4ODcwMzMxNQ==,android 4.4ä»¥ä¸Šæ²‰æµ¸å¼çŠ¶æ€æ å’Œæ²‰æµ¸å¼å¯¼èˆªæ ç®¡ç†ï¼Œé€‚é…æ¨ªç«–å±åˆ‡æ¢ã€åˆ˜æµ·å±ã€è½¯é”®ç›˜å¼¹å‡ºç­‰é—®é¢˜ï¼Œå¯ä»¥ä¿®æ”¹çŠ¶æ€æ å­—ä½“é¢œè‰²å’Œå¯¼èˆªæ å›¾æ ‡é¢œè‰²ï¼Œä»¥åŠä¸å¯ä¿®æ”¹å­—ä½“é¢œè‰²æ‰‹æœºçš„é€‚é…ï¼Œé€‚ç”¨äºActivityã€Fragmentã€DialogFragmentã€Dialogï¼ŒPopupWindowï¼Œä¸€å¥ä»£ç è½»æ¾å®ç°ï¼Œä»¥åŠå¯¹barçš„å…¶ä»–è®¾ç½®ï¼Œè¯¦è§READMEã€‚ç®€ä¹¦è¯·å‚è€ƒï¼šhttp://www.jianshu.com/p/2a884e211a62,10709,1834,12,Java,https://api.github.com/repos/gyf-dev/ImmersionBar,2017-04-19T05:10:09Z,2023-03-11T09:44:52Z,2022-03-25T02:26:08Z,Apache License 2.0
interview,mission-peace,https://github.com/mission-peace/interview,22043847,MDEwOlJlcG9zaXRvcnkyMjA0Mzg0Nw==,Interview questions,10700,5157,231,Java,https://api.github.com/repos/mission-peace/interview,2014-07-20T21:27:31Z,2023-03-11T10:27:10Z,2023-01-21T04:31:41Z,Apache License 2.0
dex2jar,pxb1988,https://github.com/pxb1988/dex2jar,32313383,MDEwOlJlcG9zaXRvcnkzMjMxMzM4Mw==,Tools to work with android .dex and java .class files,10687,1951,25,Java,https://api.github.com/repos/pxb1988/dex2jar,2015-03-16T09:13:07Z,2023-03-11T02:44:14Z,2023-01-28T17:39:07Z,Apache License 2.0
android-async-http,android-async-http,https://github.com/android-async-http/android-async-http,1388245,MDEwOlJlcG9zaXRvcnkxMzg4MjQ1,This project under develop,10645,4198,286,Java,https://api.github.com/repos/android-async-http/android-async-http,2011-02-20T03:25:07Z,2023-03-10T07:35:47Z,2021-08-04T12:47:34Z,Apache License 2.0
zaproxy,zaproxy,https://github.com/zaproxy/zaproxy,36817565,MDEwOlJlcG9zaXRvcnkzNjgxNzU2NQ==,The OWASP ZAP core project,10578,2031,3132,Java,https://api.github.com/repos/zaproxy/zaproxy,2015-06-03T16:55:01Z,2023-03-11T11:03:01Z,2023-03-09T06:42:36Z,Apache License 2.0
CtCI-6th-Edition,careercup,https://github.com/careercup/CtCI-6th-Edition,38415498,MDEwOlJlcG9zaXRvcnkzODQxNTQ5OA==,Cracking the Coding Interview 6th Ed. Solutions,10552,4253,180,Java,https://api.github.com/repos/careercup/CtCI-6th-Edition,2015-07-02T06:28:46Z,2023-03-10T19:35:44Z,2023-02-03T01:33:40Z,NO LICENSE
okhttp-OkGo,jeasonlzy,https://github.com/jeasonlzy/okhttp-OkGo,49712843,MDEwOlJlcG9zaXRvcnk0OTcxMjg0Mw==,OkGo - 3.0 éœ‡æ’¼æ¥è¢­ï¼Œè¯¥åº“æ˜¯åŸºäº Http åè®®ï¼Œå°è£…äº† OkHttp çš„ç½‘ç»œè¯·æ±‚æ¡†æ¶ï¼Œæ¯” Retrofit æ›´ç®€å•æ˜“ç”¨ï¼Œæ”¯æŒ RxJavaï¼ŒRxJava2ï¼Œæ”¯æŒè‡ªå®šä¹‰ç¼“å­˜ï¼Œæ”¯æŒæ‰¹é‡æ–­ç‚¹ä¸‹è½½ç®¡ç†å’Œæ‰¹é‡ä¸Šä¼ ç®¡ç†åŠŸèƒ½,10507,2533,19,Java,https://api.github.com/repos/jeasonlzy/okhttp-OkGo,2016-01-15T10:35:24Z,2023-03-10T03:41:05Z,2022-09-06T01:29:03Z,Apache License 2.0
JiaoZiVideoPlayer,lipangit,https://github.com/lipangit/JiaoZiVideoPlayer,51199322,MDEwOlJlcG9zaXRvcnk1MTE5OTMyMg==,MediaPlayer exoplayer ijkplayer ffmpeg,10445,2411,72,Java,https://api.github.com/repos/lipangit/JiaoZiVideoPlayer,2016-02-06T11:04:24Z,2023-03-10T08:53:25Z,2020-09-14T19:02:20Z,MIT License
RxPermissions,tbruyelle,https://github.com/tbruyelle/RxPermissions,43370610,MDEwOlJlcG9zaXRvcnk0MzM3MDYxMA==,Android runtime permissions powered by RxJava2,10426,1319,77,Java,https://api.github.com/repos/tbruyelle/RxPermissions,2015-09-29T13:55:09Z,2023-03-10T09:43:40Z,2022-05-11T09:47:47Z,Apache License 2.0
grpc-java,grpc,https://github.com/grpc/grpc-java,27729926,MDEwOlJlcG9zaXRvcnkyNzcyOTkyNg==,The Java gRPC implementation. HTTP/2 based RPC,10406,3614,6860,Java,https://api.github.com/repos/grpc/grpc-java,2014-12-08T19:00:00Z,2023-03-11T12:19:04Z,2023-03-11T00:19:21Z,Apache License 2.0
SmarterStreaming,daniulive,https://github.com/daniulive/SmarterStreaming,54783462,MDEwOlJlcG9zaXRvcnk1NDc4MzQ2Mg==,ä¸šå†…ä¸ºæ•°ä¸å¤šè‡´åŠ›äºæè‡´ä½“éªŒçš„è¶…å¼ºå…¨è‡ªç ”è·¨å¹³å°(windows/linux/android/iOS)æµåª’ä½“å†…æ ¸ï¼Œé€šè¿‡æ¨¡å—åŒ–è‡ªç”±ç»„åˆï¼Œæ”¯æŒå®æ—¶RTMPæ¨æµã€RTSPæ¨æµã€RTMPæ’­æ”¾å™¨ã€RTSPæ’­æ”¾å™¨ã€å½•åƒã€å¤šè·¯æµåª’ä½“è½¬å‘ã€éŸ³è§†é¢‘å¯¼æ’­ã€åŠ¨æ€è§†é¢‘åˆæˆã€éŸ³é¢‘æ··éŸ³ã€ç›´æ’­äº’åŠ¨ã€å†…ç½®è½»é‡çº§RTSPæœåŠ¡ç­‰ï¼Œæ¯”å¿«æ›´å¿«ï¼Œä¸šç•ŒçœŸæ­£é è°±çš„è¶…ä½å»¶è¿Ÿç›´æ’­SDK(1ç§’å†…ï¼Œä½å»¶è¿Ÿæ¨¡å¼ä¸‹200~400ms)ã€‚,10399,2730,1,Java,https://api.github.com/repos/daniulive/SmarterStreaming,2016-03-26T14:46:02Z,2023-03-11T11:51:17Z,2023-02-08T01:51:01Z,NO LICENSE
algorithm-base,chefyuan,https://github.com/chefyuan/algorithm-base,348651746,MDEwOlJlcG9zaXRvcnkzNDg2NTE3NDY=,ä¸€ä½é…·çˆ±åšé¥­çš„ç¨‹åºå‘˜ï¼Œç«‹å¿—ç”¨åŠ¨ç”»å°†ç®—æ³•è¯´çš„é€šä¿—æ˜“æ‡‚ã€‚æˆ‘çš„é¢è¯•ç½‘ç«™ www.chengxuchu.com,10351,1554,29,Java,https://api.github.com/repos/chefyuan/algorithm-base,2021-03-17T09:32:28Z,2023-03-10T19:17:32Z,2022-05-19T13:52:58Z,MIT License
platform_frameworks_base,aosp-mirror,https://github.com/aosp-mirror/platform_frameworks_base,65885,MDEwOlJlcG9zaXRvcnk2NTg4NQ==,,10339,6218,126,Java,https://api.github.com/repos/aosp-mirror/platform_frameworks_base,2008-10-21T18:20:37Z,2023-03-11T09:14:36Z,2023-01-09T21:15:20Z,Other
ruoyi-vue-pro,YunaiV,https://github.com/YunaiV/ruoyi-vue-pro,332357698,MDEwOlJlcG9zaXRvcnkzMzIzNTc2OTg=,ğŸ”¥ å®˜æ–¹æ¨è ğŸ”¥ RuoYi-Vue å…¨æ–° Pro ç‰ˆæœ¬ï¼Œä¼˜åŒ–é‡æ„æ‰€æœ‰åŠŸèƒ½ã€‚åŸºäº Spring Boot + MyBatis Plus + Vue & Element å®ç°çš„åå°ç®¡ç†ç³»ç»Ÿ + å¾®ä¿¡å°ç¨‹åºï¼Œæ”¯æŒ RBAC åŠ¨æ€æƒé™ã€æ•°æ®æƒé™ã€SaaS å¤šç§Ÿæˆ·ã€Flowable å·¥ä½œæµã€ä¸‰æ–¹ç™»å½•ã€æ”¯ä»˜ã€çŸ­ä¿¡ã€å•†åŸç­‰åŠŸèƒ½ã€‚ä½ çš„ â­ï¸ Star â­ï¸ï¼Œæ˜¯ä½œè€…ç”Ÿå‘çš„åŠ¨åŠ›ï¼,10264,2976,48,Java,https://api.github.com/repos/YunaiV/ruoyi-vue-pro,2021-01-24T03:18:25Z,2023-03-11T14:49:49Z,2023-03-11T02:19:18Z,MIT License
questdb,questdb,https://github.com/questdb/questdb,19257422,MDEwOlJlcG9zaXRvcnkxOTI1NzQyMg==,An open source time-series database for fast ingest and SQL queries,10226,636,1852,Java,https://api.github.com/repos/questdb/questdb,2014-04-28T23:29:15Z,2023-03-11T08:43:51Z,2023-03-10T21:37:50Z,Apache License 2.0
MVPArms,JessYanCoding,https://github.com/JessYanCoding/MVPArms,65073648,MDEwOlJlcG9zaXRvcnk2NTA3MzY0OA==,"âš”ï¸ A common architecture for Android applications developing based on MVP, integrates many open source projects, to make your developing quicker and easier (ä¸€ä¸ªæ•´åˆäº†å¤§é‡ä¸»æµå¼€æºé¡¹ç›®é«˜åº¦å¯é…ç½®åŒ–çš„ Android MVP å¿«é€Ÿé›†æˆæ¡†æ¶). ",10199,2425,71,Java,https://api.github.com/repos/JessYanCoding/MVPArms,2016-08-06T08:49:56Z,2023-03-10T11:48:31Z,2021-11-19T02:57:52Z,Apache License 2.0
ViewPagerIndicator,JakeWharton,https://github.com/JakeWharton/ViewPagerIndicator,2155793,MDEwOlJlcG9zaXRvcnkyMTU1Nzkz,Paging indicator widgets compatible with the ViewPager from the Android Support Library and ActionBarSherlock.,10190,4103,149,Java,https://api.github.com/repos/JakeWharton/ViewPagerIndicator,2011-08-04T17:13:44Z,2023-03-11T03:02:25Z,2017-11-26T17:13:46Z,NO LICENSE
javapoet,square,https://github.com/square/javapoet,7961991,MDEwOlJlcG9zaXRvcnk3OTYxOTkx,A Java API for generating .java source files.,10101,1311,546,Java,https://api.github.com/repos/square/javapoet,2013-02-01T16:56:30Z,2023-03-11T03:10:35Z,2023-03-09T21:21:30Z,Apache License 2.0
dolphinscheduler,apache,https://github.com/apache/dolphinscheduler,173335706,MDEwOlJlcG9zaXRvcnkxNzMzMzU3MDY=,"Apache DolphinScheduler is the modern data workflow orchestration platform with powerful user interface, dedicated to solving complex task dependencies in the data pipeline and providing various types of jobs available `out of the box`",10058,3705,6992,Java,https://api.github.com/repos/apache/dolphinscheduler,2019-03-01T16:39:25Z,2023-03-11T15:05:49Z,2023-03-11T12:05:30Z,Apache License 2.0
auto,google,https://github.com/google/auto,10230369,MDEwOlJlcG9zaXRvcnkxMDIzMDM2OQ==,A collection of source code generators for Java.,10043,1186,1000,Java,https://api.github.com/repos/google/auto,2013-05-22T21:41:56Z,2023-03-11T14:30:05Z,2023-03-10T19:19:07Z,Apache License 2.0
jsoup,jhy,https://github.com/jhy/jsoup,442430,MDEwOlJlcG9zaXRvcnk0NDI0MzA=,"jsoup: the Java HTML parser, built for HTML editing, cleaning, scraping, and XSS safety.",10022,2066,547,Java,https://api.github.com/repos/jhy/jsoup,2009-12-19T01:29:58Z,2023-03-11T10:31:32Z,2023-03-09T05:33:55Z,MIT License
cas,apereo,https://github.com/apereo/cas,2352744,MDEwOlJlcG9zaXRvcnkyMzUyNzQ0,Apereo CAS - Identity & Single Sign On for all earthlings and beyond.,10009,3833,4279,Java,https://api.github.com/repos/apereo/cas,2011-09-09T01:36:42Z,2023-03-11T11:37:56Z,2023-03-10T15:28:46Z,Apache License 2.0
